unique_identifier,amount,date
BRX001,-13315,2024-06-01
BRX002,41284,2024-06-01
BRX003,39225,2024-06-01
BRX004,-38605,2024-06-01
BRX005,-48040,2024-06-01
BRX006,3832,2024-06-01
BRX007,19404,2024-06-01
BRX008,429,2024-06-01
BRX009,48335,2024-06-01
BRX010,9011,2024-06-01
BRX011,-11360,2024-06-01
BRX012,-2353,2024-06-01
BRX013,33535,2024-06-01
BRX014,21231,2024-06-01
BRX015,15989,2024-06-01
BRX016,33366,2024-06-01
BRX017,49574,2024-06-01
BRX018,22484,2024-06-01
BRX019,-26451,2024-06-01
BRX020,9377,2024-06-01
BRX021,-10538,2024-06-01
BRX022,-352,2024-06-01
BRX023,28769,2024-06-01
BRX024,9573,2024-06-01
BRX025,-554,2024-06-01
BRX026,32590,2024-06-01
BRX027,49370,2024-06-01
BRX028,-27217,2024-06-01
BRX029,24942,2024-06-01
BRX030,32096,2024-06-01
BRX031,37941,2024-06-01
BRX032,33113,2024-06-01
BRX033,-27292,2024-06-01
BRX034,-26856,2024-06-01
BRX035,-14349,2024-06-01
BRX036,15866,2024-06-01
BRX037,32891,2024-06-01
BRX038,-21839,2024-06-01
BRX039,-26999,2024-06-01
BRX040,43959,2024-06-01
BRX041,-36349,2024-06-01
BRX042,29476,2024-06-01
BRX043,42034,2024-06-01
BRX044,-37188,2024-06-01
BRX045,-6819,2024-06-01
BRX046,-4762,2024-06-01
BRX047,-30203,2024-06-01
BRX048,-48200,2024-06-01
BRX049,45757,2024-06-01
BRX050,40902,2024-06-01
BRX051,-30961,2024-06-01
BRX052,-17464,2024-06-01
BRX053,-5216,2024-06-01
BRX054,-6789,2024-06-01
BRX055,-34635,2024-06-01
BRX056,26535,2024-06-01
BRX057,30053,2024-06-01
BRX058,43850,2024-06-01
BRX059,48142,2024-06-01
BRX060,10547,2024-06-01
BRX061,19220,2024-06-01
BRX062,-15521,2024-06-01
BRX063,-21969,2024-06-01
BRX064,-23371,2024-06-01
BRX065,-23499,2024-06-01
BRX066,-15169,2024-06-01
BRX067,-20286,2024-06-01
BRX068,-33012,2024-06-01
BRX069,-2860,2024-06-01
BRX070,-28579,2024-06-01
BRX071,44716,2024-06-01
BRX072,-40983,2024-06-01
BRX073,15774,2024-06-01
BRX074,10285,2024-06-01
BRX075,697,2024-06-01
BRX076,15764,2024-06-01
BRX077,28040,2024-06-01
BRX078,-31138,2024-06-01
BRX079,-14352,2024-06-01
BRX080,45730,2024-06-01
BRX081,-3967,2024-06-01
BRX082,16142,2024-06-01
BRX083,11591,2024-06-01
BRX084,43510,2024-06-01
BRX085,-38642,2024-06-01
BRX086,-13052,2024-06-01
BRX087,3204,2024-06-01
BRX088,-1469,2024-06-01
BRX089,30687,2024-06-01
BRX090,-38758,2024-06-01
BRX091,-25829,2024-06-01
BRX092,31219,2024-06-01
BRX093,18957,2024-06-01
BRX094,25623,2024-06-01
BRX095,28161,2024-06-01
BRX096,18471,2024-06-01
BRX097,-16636,2024-06-01
BRX098,47464,2024-06-01
BRX099,-36646,2024-06-01
BRX100,18845,2024-06-01
BRX101,-18621,2024-06-01
BRX102,8615,2024-06-01
BRX103,26361,2024-06-01
BRX104,47513,2024-06-01
BRX105,36944,2024-06-01
BRX106,31986,2024-06-01
BRX107,35533,2024-06-01
BRX108,-25188,2024-06-01
BRX109,46077,2024-06-01
BRX110,16772,2024-06-01
BRX111,36567,2024-06-01
BRX112,45049,2024-06-01
BRX113,-22092,2024-06-01
BRX114,16228,2024-06-01
BRX115,1939,2024-06-01
BRX116,45625,2024-06-01
BRX117,-37546,2024-06-01
BRX118,44316,2024-06-01
BRX119,14122,2024-06-01
BRX120,23580,2024-06-01
BRX121,-28173,2024-06-01
BRX122,-23436,2024-06-01
BRX123,-30634,2024-06-01
BRX124,-28224,2024-06-01
BRX125,-13599,2024-06-01
BRX126,-17077,2024-06-01
BRX127,-45245,2024-06-01
BRX128,39179,2024-06-01
BRX129,47497,2024-06-01
BRX130,10605,2024-06-01
BRX131,16748,2024-06-01
BRX132,-32438,2024-06-01
BRX133,35217,2024-06-01
BRX134,6796,2024-06-01
BRX135,-35828,2024-06-01
BRX136,39053,2024-06-01
BRX137,6498,2024-06-01
BRX138,-44087,2024-06-01
BRX139,921,2024-06-01
BRX140,5477,2024-06-01
BRX141,45216,2024-06-01
BRX142,22963,2024-06-01
BRX143,-12333,2024-06-01
BRX144,-33170,2024-06-01
BRX145,-45490,2024-06-01
BRX146,-43723,2024-06-01
BRX147,-30841,2024-06-01
BRX148,9957,2024-06-01
BRX149,-35132,2024-06-01
BRX150,-2590,2024-06-01
BRX151,1832,2024-06-01
BRX152,-32561,2024-06-01
BRX153,-1035,2024-06-01
BRX154,36601,2024-06-01
BRX155,39956,2024-06-01
BRX156,-36236,2024-06-01
BRX157,18830,2024-06-01
BRX158,-42689,2024-06-01
BRX159,20461,2024-06-01
BRX160,-43063,2024-06-01
BRX161,-49454,2024-06-01
BRX162,-5321,2024-06-01
BRX163,46893,2024-06-01
BRX164,-24847,2024-06-01
BRX165,41535,2024-06-01
BRX166,-2769,2024-06-01
BRX167,-8834,2024-06-01
BRX168,35016,2024-06-01
BRX169,21489,2024-06-01
BRX170,22900,2024-06-01
BRX171,10563,2024-06-01
BRX172,-3920,2024-06-01
BRX173,-39018,2024-06-01
BRX174,-32035,2024-06-01
BRX175,37909,2024-06-01
BRX176,48571,2024-06-01
BRX177,48763,2024-06-01
BRX178,34899,2024-06-01
BRX179,-30081,2024-06-01
BRX180,-7661,2024-06-01
BRX181,33606,2024-06-01
BRX182,-24306,2024-06-01
BRX183,39185,2024-06-01
BRX184,-47766,2024-06-01
BRX185,12597,2024-06-01
BRX186,23401,2024-06-01
BRX187,-48707,2024-06-01
BRX188,34395,2024-06-01
BRX189,-12668,2024-06-01
BRX190,24385,2024-06-01
BRX191,5798,2024-06-01
BRX192,9595,2024-06-01
BRX193,25606,2024-06-01
BRX194,-22749,2024-06-01
BRX195,9353,2024-06-01
BRX196,35650,2024-06-01
BRX197,35883,2024-06-01
BRX198,-25399,2024-06-01
BRX199,47702,2024-06-01
BRX200,-2008,2024-06-01
BRX201,-39078,2024-06-01
BRX202,-6902,2024-06-01
BRX203,47336,2024-06-01
BRX204,35630,2024-06-01
BRX205,-8778,2024-06-01
BRX206,1952,2024-06-01
BRX207,31207,2024-06-01
BRX208,-45379,2024-06-01
BRX209,-21806,2024-06-01
BRX210,-23271,2024-06-01
BRX211,-9479,2024-06-01
BRX212,3839,2024-06-01
BRX213,-13425,2024-06-01
BRX214,-16578,2024-06-01
BRX215,-34281,2024-06-01
BRX216,25994,2024-06-01
BRX217,19254,2024-06-01
BRX218,46786,2024-06-01
BRX219,9674,2024-06-01
BRX220,1949,2024-06-01
BRX221,7448,2024-06-01
BRX222,-19128,2024-06-01
BRX223,46691,2024-06-01
BRX224,7434,2024-06-01
BRX225,-49467,2024-06-01
BRX226,34945,2024-06-01
BRX227,-30483,2024-06-01
BRX228,-13566,2024-06-01
BRX229,5723,2024-06-01
BRX230,-8681,2024-06-01
BRX231,12691,2024-06-01
BRX232,26140,2024-06-01
BRX233,46813,2024-06-01
BRX234,35507,2024-06-01
BRX235,46358,2024-06-01
BRX236,-15085,2024-06-01
BRX237,-21844,2024-06-01
BRX238,-23728,2024-06-01
BRX239,43008,2024-06-01
BRX240,-26275,2024-06-01
BRX241,-42867,2024-06-01
BRX242,-39370,2024-06-01
BRX243,10280,2024-06-01
BRX244,-40707,2024-06-01
BRX245,11021,2024-06-01
BRX246,-45989,2024-06-01
BRX247,7893,2024-06-01
BRX248,-25836,2024-06-01
BRX249,18809,2024-06-01
BRX250,434,2024-06-01
BRX251,-8854,2024-06-01
BRX252,-21874,2024-06-01
BRX253,22040,2024-06-01
BRX254,-23044,2024-06-01
BRX255,-23067,2024-06-01
BRX256,-5735,2024-06-01
BRX257,-41084,2024-06-01
BRX258,16199,2024-06-01
BRX259,-7424,2024-06-01
BRX260,4017,2024-06-01
BRX261,-14792,2024-06-01
BRX262,-16220,2024-06-01
BRX263,3450,2024-06-01
BRX264,19857,2024-06-01
BRX265,11202,2024-06-01
BRX266,10847,2024-06-01
BRX267,7291,2024-06-01
BRX268,-144,2024-06-01
BRX269,11131,2024-06-01
BRX270,-7876,2024-06-01
BRX271,6439,2024-06-01
BRX272,-27492,2024-06-01
BRX273,21157,2024-06-01
BRX274,30394,2024-06-01
BRX275,8670,2024-06-01
BRX276,13487,2024-06-01
BRX277,-887,2024-06-01
BRX278,-37455,2024-06-01
BRX279,49476,2024-06-01
BRX280,-46627,2024-06-01
BRX281,-11538,2024-06-01
BRX282,7128,2024-06-01
BRX283,-34602,2024-06-01
BRX284,29033,2024-06-01
BRX285,23072,2024-06-01
BRX286,-11419,2024-06-01
BRX287,-31422,2024-06-01
BRX288,-42342,2024-06-01
BRX289,48797,2024-06-01
BRX290,4360,2024-06-01
BRX291,27310,2024-06-01
BRX292,31529,2024-06-01
BRX293,-4352,2024-06-01
BRX294,-48783,2024-06-01
BRX295,36195,2024-06-01
BRX296,12322,2024-06-01
BRX297,-14297,2024-06-01
BRX298,-2141,2024-06-01
BRX299,-46506,2024-06-01
BRX300,17411,2024-06-01
BRX301,36878,2024-06-01
BRX302,-5612,2024-06-01
BRX303,41041,2024-06-01
BRX304,27431,2024-06-01
BRX305,-17747,2024-06-01
BRX306,45454,2024-06-01
BRX307,-47379,2024-06-01
BRX308,45127,2024-06-01
BRX309,21663,2024-06-01
BRX310,30383,2024-06-01
BRX311,35659,2024-06-01
BRX312,-48734,2024-06-01
BRX313,29189,2024-06-01
BRX314,-49283,2024-06-01
BRX315,15360,2024-06-01
BRX316,-21124,2024-06-01
BRX317,48386,2024-06-01
BRX318,-13228,2024-06-01
BRX319,19710,2024-06-01
BRX320,39220,2024-06-01
BRX321,-43765,2024-06-01
BRX322,31388,2024-06-01
BRX323,14131,2024-06-01
BRX324,14360,2024-06-01
BRX325,-36822,2024-06-01
BRX326,20871,2024-06-01
BRX327,-19377,2024-06-01
BRX328,-38059,2024-06-01
BRX329,-19838,2024-06-01
BRX330,13830,2024-06-01
BRX331,-3569,2024-06-01
BRX332,23904,2024-06-01
BRX333,3834,2024-06-01
BRX334,12395,2024-06-01
BRX335,-41430,2024-06-01
BRX336,-33124,2024-06-01
BRX337,-15437,2024-06-01
BRX338,24776,2024-06-01
BRX339,-27628,2024-06-01
BRX340,-39878,2024-06-01
BRX341,26786,2024-06-01
BRX342,-43177,2024-06-01
BRX343,21795,2024-06-01
BRX344,35929,2024-06-01
BRX345,36562,2024-06-01
BRX346,-14036,2024-06-01
BRX347,45465,2024-06-01
BRX348,47472,2024-06-01
BRX349,-14467,2024-06-01
BRX350,-46362,2024-06-01
BRX351,844,2024-06-01
BRX352,-30028,2024-06-01
BRX353,33144,2024-06-01
BRX354,-40043,2024-06-01
BRX355,34886,2024-06-01
BRX356,-18300,2024-06-01
BRX357,-40100,2024-06-01
BRX358,-2779,2024-06-01
BRX359,-10975,2024-06-01
BRX360,-47819,2024-06-01
BRX361,33053,2024-06-01
BRX362,46052,2024-06-01
BRX363,44495,2024-06-01
BRX364,24803,2024-06-01
BRX365,-6233,2024-06-01
BRX366,30403,2024-06-01
BRX367,5289,2024-06-01
BRX368,-34306,2024-06-01
BRX369,-10393,2024-06-01
BRX370,-16458,2024-06-01
BRX371,-22037,2024-06-01
BRX372,24432,2024-06-01
BRX373,41061,2024-06-01
BRX374,-44273,2024-06-01
BRX375,-40371,2024-06-01
BRX376,16468,2024-06-01
BRX377,17952,2024-06-01
BRX378,-48000,2024-06-01
BRX379,27831,2024-06-01
BRX380,2582,2024-06-01
BRX381,-5142,2024-06-01
BRX382,-5736,2024-06-01
BRX383,28307,2024-06-01
BRX384,7375,2024-06-01
BRX385,9014,2024-06-01
BRX386,-46780,2024-06-01
BRX387,-19246,2024-06-01
BRX388,10482,2024-06-01
BRX389,-41600,2024-06-01
BRX390,-32063,2024-06-01
BRX391,1667,2024-06-01
BRX392,-4569,2024-06-01
BRX393,-32298,2024-06-01
BRX394,-39723,2024-06-01
BRX395,48318,2024-06-01
BRX396,-46078,2024-06-01
BRX397,46678,2024-06-01
BRX398,20634,2024-06-01
BRX399,6412,2024-06-01
BRX400,1406,2024-06-01
BRX401,-4254,2024-06-01
BRX402,-20068,2024-06-01
BRX403,36400,2024-06-01
BRX404,39274,2024-06-01
BRX405,48852,2024-06-01
BRX406,31498,2024-06-01
BRX407,-44124,2024-06-01
BRX408,-29078,2024-06-01
BRX409,43355,2024-06-01
BRX410,16867,2024-06-01
BRX411,-11047,2024-06-01
BRX412,37873,2024-06-01
BRX413,43155,2024-06-01
BRX414,-22193,2024-06-01
BRX415,-625,2024-06-01
BRX416,-23004,2024-06-01
BRX417,-42566,2024-06-01
BRX418,33831,2024-06-01
BRX419,-28665,2024-06-01
BRX420,-13116,2024-06-01
BRX421,-45928,2024-06-01
BRX422,7475,2024-06-01
BRX423,-4970,2024-06-01
BRX424,47859,2024-06-01
BRX425,13602,2024-06-01
BRX426,-42892,2024-06-01
BRX427,45979,2024-06-01
BRX428,-16196,2024-06-01
BRX429,30521,2024-06-01
BRX430,892,2024-06-01
BRX431,43498,2024-06-01
BRX432,44554,2024-06-01
BRX433,21939,2024-06-01
BRX434,-34294,2024-06-01
BRX435,-19073,2024-06-01
BRX436,41876,2024-06-01
BRX437,-29107,2024-06-01
BRX438,-40363,2024-06-01
BRX439,-46927,2024-06-01
BRX440,45806,2024-06-01
BRX441,-38280,2024-06-01
BRX442,44189,2024-06-01
BRX443,47819,2024-06-01
BRX444,16988,2024-06-01
BRX445,28230,2024-06-01
BRX446,-42620,2024-06-01
BRX447,-31954,2024-06-01
BRX448,19639,2024-06-01
BRX449,-49961,2024-06-01
BRX450,-29747,2024-06-01
BRX451,-26491,2024-06-01
BRX452,-36786,2024-06-01
BRX453,11553,2024-06-01
BRX454,8427,2024-06-01
BRX455,20090,2024-06-01
BRX456,5770,2024-06-01
BRX457,-5765,2024-06-01
BRX458,-20833,2024-06-01
BRX459,-21197,2024-06-01
BRX460,2425,2024-06-01
BRX461,-34063,2024-06-01
BRX462,27321,2024-06-01
BRX463,-47889,2024-06-01
BRX464,-41592,2024-06-01
BRX465,-11012,2024-06-01
BRX466,42300,2024-06-01
BRX467,11367,2024-06-01
BRX468,-5077,2024-06-01
BRX469,-23953,2024-06-01
BRX470,37936,2024-06-01
BRX471,40575,2024-06-01
BRX472,-29024,2024-06-01
BRX473,-29292,2024-06-01
BRX474,14327,2024-06-01
BRX475,38299,2024-06-01
BRX476,24307,2024-06-01
BRX477,-42381,2024-06-01
BRX478,-6215,2024-06-01
BRX479,-4517,2024-06-01
BRX480,-5850,2024-06-01
BRX481,18986,2024-06-01
BRX482,-28388,2024-06-01
BRX483,-6880,2024-06-01
BRX484,-8623,2024-06-01
BRX485,47605,2024-06-01
BRX486,31137,2024-06-01
BRX487,-8232,2024-06-01
BRX488,10131,2024-06-01
BRX489,15996,2024-06-01
BRX490,27374,2024-06-01
BRX491,17509,2024-06-01
BRX492,11754,2024-06-01
BRX493,17984,2024-06-01
BRX494,12164,2024-06-01
BRX495,-18841,2024-06-01
BRX496,-9243,2024-06-01
BRX497,-39663,2024-06-01
BRX498,-49417,2024-06-01
BRX499,8456,2024-06-01
BRX500,-39832,2024-06-01
BRX501,-16035,2024-06-01
BRX502,15873,2024-06-01
BRX503,-36787,2024-06-01
BRX504,5099,2024-06-01
BRX505,-39130,2024-06-01
BRX506,11203,2024-06-01
BRX507,-13885,2024-06-01
BRX508,-16461,2024-06-01
BRX509,-38067,2024-06-01
BRX510,-42057,2024-06-01
BRX511,-45876,2024-06-01
BRX512,24360,2024-06-01
BRX513,25061,2024-06-01
BRX514,152,2024-06-01
BRX515,17405,2024-06-01
BRX516,-38651,2024-06-01
BRX517,34084,2024-06-01
BRX518,2738,2024-06-01
BRX519,-9332,2024-06-01
BRX520,18940,2024-06-01
BRX521,-15245,2024-06-01
BRX522,25375,2024-06-01
BRX523,40719,2024-06-01
BRX524,-19206,2024-06-01
BRX525,-23827,2024-06-01
BRX526,-42235,2024-06-01
BRX527,46124,2024-06-01
BRX528,28885,2024-06-01
BRX529,22109,2024-06-01
BRX530,-38286,2024-06-01
BRX531,-48486,2024-06-01
BRX532,-17983,2024-06-01
BRX533,20584,2024-06-01
BRX534,34692,2024-06-01
BRX535,29366,2024-06-01
BRX536,-13396,2024-06-01
BRX537,10415,2024-06-01
BRX538,-43455,2024-06-01
BRX539,-31945,2024-06-01
BRX540,-40162,2024-06-01
BRX541,-8889,2024-06-01
BRX542,-45311,2024-06-01
BRX543,15485,2024-06-01
BRX544,7921,2024-06-01
BRX545,-45578,2024-06-01
BRX546,-24610,2024-06-01
BRX547,30983,2024-06-01
BRX548,-11019,2024-06-01
BRX549,-18509,2024-06-01
BRX550,-35995,2024-06-01
BRX551,-19797,2024-06-01
BRX552,36459,2024-06-01
BRX553,-11125,2024-06-01
BRX554,28318,2024-06-01
BRX555,-23355,2024-06-01
BRX556,40945,2024-06-01
BRX557,-11634,2024-06-01
BRX558,29163,2024-06-01
BRX559,41670,2024-06-01
BRX560,-48115,2024-06-01
BRX561,-12965,2024-06-01
BRX562,-28098,2024-06-01
BRX563,-6644,2024-06-01
BRX564,47637,2024-06-01
BRX565,-42037,2024-06-01
BRX566,37425,2024-06-01
BRX567,17363,2024-06-01
BRX568,20780,2024-06-01
BRX569,-17793,2024-06-01
BRX570,22056,2024-06-01
BRX571,13782,2024-06-01
BRX572,20980,2024-06-01
BRX573,49736,2024-06-01
BRX574,28213,2024-06-01
BRX575,46768,2024-06-01
BRX576,9438,2024-06-01
BRX577,3747,2024-06-01
BRX578,-16104,2024-06-01
BRX579,8579,2024-06-01
BRX580,-1849,2024-06-01
BRX581,45646,2024-06-01
BRX582,12785,2024-06-01
BRX583,22397,2024-06-01
BRX584,9523,2024-06-01
BRX585,17296,2024-06-01
BRX586,24038,2024-06-01
BRX587,-30082,2024-06-01
BRX588,-10896,2024-06-01
BRX589,-34069,2024-06-01
BRX590,-28123,2024-06-01
BRX591,-16690,2024-06-01
BRX592,-15445,2024-06-01
BRX593,34381,2024-06-01
BRX594,974,2024-06-01
BRX595,-27405,2024-06-01
BRX596,-28564,2024-06-01
BRX597,5566,2024-06-01
BRX598,33800,2024-06-01
BRX599,-25476,2024-06-01
BRX600,13692,2024-06-01
BRX601,-6121,2024-06-01
BRX602,22435,2024-06-01
BRX603,-47463,2024-06-01
BRX604,-40350,2024-06-01
BRX605,26842,2024-06-01
BRX606,26724,2024-06-01
BRX607,27294,2024-06-01
BRX608,13454,2024-06-01
BRX609,-36922,2024-06-01
BRX610,-46897,2024-06-01
BRX611,48558,2024-06-01
BRX612,-29032,2024-06-01
BRX613,-3497,2024-06-01
BRX614,-3309,2024-06-01
BRX615,-12871,2024-06-01
BRX616,-29412,2024-06-01
BRX617,-48821,2024-06-01
BRX618,10535,2024-06-01
BRX619,36921,2024-06-01
BRX620,-49432,2024-06-01
BRX621,4621,2024-06-01
BRX622,-43500,2024-06-01
BRX623,-44415,2024-06-01
BRX624,-20136,2024-06-01
BRX625,44249,2024-06-01
BRX626,-35811,2024-06-01
BRX627,13102,2024-06-01
BRX628,42311,2024-06-01
BRX629,3672,2024-06-01
BRX630,-23355,2024-06-01
BRX631,-41294,2024-06-01
BRX632,11197,2024-06-01
BRX633,-42366,2024-06-01
BRX634,34559,2024-06-01
BRX635,-41151,2024-06-01
BRX636,-4214,2024-06-01
BRX637,11503,2024-06-01
BRX638,-15545,2024-06-01
BRX639,-21330,2024-06-01
BRX640,-14372,2024-06-01
BRX641,44388,2024-06-01
BRX642,-37319,2024-06-01
BRX643,-33334,2024-06-01
BRX644,9743,2024-06-01
BRX645,-956,2024-06-01
BRX646,24839,2024-06-01
BRX647,-15912,2024-06-01
BRX648,3155,2024-06-01
BRX649,-47660,2024-06-01
BRX650,-34429,2024-06-01
BRX651,-48755,2024-06-01
BRX652,-49297,2024-06-01
BRX653,23020,2024-06-01
BRX654,36003,2024-06-01
BRX655,-38160,2024-06-01
BRX656,-38515,2024-06-01
BRX657,-30080,2024-06-01
BRX658,41944,2024-06-01
BRX659,31179,2024-06-01
BRX660,5572,2024-06-01
BRX661,-12228,2024-06-01
BRX662,-32218,2024-06-01
BRX663,-16635,2024-06-01
BRX664,-36099,2024-06-01
BRX665,32044,2024-06-01
BRX666,-38465,2024-06-01
BRX667,-34539,2024-06-01
BRX668,-27165,2024-06-01
BRX669,-39052,2024-06-01
BRX670,2946,2024-06-01
BRX671,8371,2024-06-01
BRX672,-47576,2024-06-01
BRX673,38343,2024-06-01
BRX674,28735,2024-06-01
BRX675,-12149,2024-06-01
BRX676,43493,2024-06-01
BRX677,35362,2024-06-01
BRX678,43333,2024-06-01
BRX679,-33216,2024-06-01
BRX680,-47078,2024-06-01
BRX681,-41589,2024-06-01
BRX682,31610,2024-06-01
BRX683,8509,2024-06-01
BRX684,-38244,2024-06-01
BRX685,6615,2024-06-01
BRX686,5255,2024-06-01
BRX687,37908,2024-06-01
BRX688,-20569,2024-06-01
BRX689,-39064,2024-06-01
BRX690,-21626,2024-06-01
BRX691,15304,2024-06-01
BRX692,-23076,2024-06-01
BRX693,-34412,2024-06-01
BRX694,-35801,2024-06-01
BRX695,-41155,2024-06-01
BRX696,-7616,2024-06-01
BRX697,-47412,2024-06-01
BRX698,-45047,2024-06-01
BRX699,-34899,2024-06-01
BRX700,-17363,2024-06-01
BRX701,-19422,2024-06-01
BRX702,43130,2024-06-01
BRX703,38048,2024-06-01
BRX704,31404,2024-06-01
BRX705,27999,2024-06-01
BRX706,-16659,2024-06-01
BRX707,-33252,2024-06-01
BRX708,44159,2024-06-01
BRX709,-19910,2024-06-01
BRX710,9593,2024-06-01
BRX711,-20337,2024-06-01
BRX712,-14120,2024-06-01
BRX713,49958,2024-06-01
BRX714,-8976,2024-06-01
BRX715,-5714,2024-06-01
BRX716,-1244,2024-06-01
BRX717,4412,2024-06-01
BRX718,-30902,2024-06-01
BRX719,-34005,2024-06-01
BRX720,-3701,2024-06-01
BRX721,46120,2024-06-01
BRX722,22465,2024-06-01
BRX723,27327,2024-06-01
BRX724,37636,2024-06-01
BRX725,-10057,2024-06-01
BRX726,-36219,2024-06-01
BRX727,-27165,2024-06-01
BRX728,13123,2024-06-01
BRX729,-32114,2024-06-01
BRX730,-32160,2024-06-01
BRX731,47222,2024-06-01
BRX732,-5418,2024-06-01
BRX733,28586,2024-06-01
BRX734,37414,2024-06-01
BRX735,-40138,2024-06-01
BRX736,28016,2024-06-01
BRX737,8014,2024-06-01
BRX738,-49169,2024-06-01
BRX739,-405,2024-06-01
BRX740,-34801,2024-06-01
BRX741,45509,2024-06-01
BRX742,-8492,2024-06-01
BRX743,31018,2024-06-01
BRX744,-33717,2024-06-01
BRX745,-9788,2024-06-01
BRX746,-25119,2024-06-01
BRX747,7538,2024-06-01
BRX748,-31899,2024-06-01
BRX749,-39994,2024-06-01
BRX750,18777,2024-06-01
BRX751,-39149,2024-06-01
BRX752,35986,2024-06-01
BRX753,-7352,2024-06-01
BRX754,7425,2024-06-01
BRX755,23052,2024-06-01
BRX756,-16022,2024-06-01
BRX757,307,2024-06-01
BRX758,4161,2024-06-01
BRX759,32358,2024-06-01
BRX760,14304,2024-06-01
BRX761,32587,2024-06-01
BRX762,45386,2024-06-01
BRX763,43517,2024-06-01
BRX764,-12502,2024-06-01
BRX765,-33524,2024-06-01
BRX766,-10928,2024-06-01
BRX767,32895,2024-06-01
BRX768,-39392,2024-06-01
BRX769,48396,2024-06-01
BRX770,46922,2024-06-01
BRX771,-27557,2024-06-01
BRX772,25678,2024-06-01
BRX773,21328,2024-06-01
BRX774,-45087,2024-06-01
BRX775,-7946,2024-06-01
BRX776,-3567,2024-06-01
BRX777,23484,2024-06-01
BRX778,-33224,2024-06-01
BRX779,-33030,2024-06-01
BRX780,43507,2024-06-01
BRX781,21311,2024-06-01
BRX782,-44212,2024-06-01
BRX783,-13537,2024-06-01
BRX784,-23316,2024-06-01
BRX785,-13546,2024-06-01
BRX786,39202,2024-06-01
BRX787,-23241,2024-06-01
BRX788,43917,2024-06-01
BRX789,-12314,2024-06-01
BRX790,-42973,2024-06-01
BRX791,-37186,2024-06-01
BRX792,-12248,2024-06-01
BRX793,14032,2024-06-01
BRX794,34279,2024-06-01
BRX795,43,2024-06-01
BRX796,40847,2024-06-01
BRX797,27157,2024-06-01
BRX798,-38646,2024-06-01
BRX799,37551,2024-06-01
BRX800,-15729,2024-06-01
BRX801,-12002,2024-06-01
BRX802,-27511,2024-06-01
BRX803,35305,2024-06-01
BRX804,8665,2024-06-01
BRX805,18472,2024-06-01
BRX806,-17173,2024-06-01
BRX807,40326,2024-06-01
BRX808,-3070,2024-06-01
BRX809,-23439,2024-06-01
BRX810,11698,2024-06-01
BRX811,-29786,2024-06-01
BRX812,11381,2024-06-01
BRX813,-28716,2024-06-01
BRX814,-9663,2024-06-01
BRX815,-25559,2024-06-01
BRX816,-20031,2024-06-01
BRX817,-10698,2024-06-01
BRX818,30045,2024-06-01
BRX819,2318,2024-06-01
BRX820,33949,2024-06-01
BRX821,-23922,2024-06-01
BRX822,49279,2024-06-01
BRX823,-47214,2024-06-01
BRX824,-1674,2024-06-01
BRX825,13165,2024-06-01
BRX826,-23803,2024-06-01
BRX827,41000,2024-06-01
BRX828,13320,2024-06-01
BRX829,2989,2024-06-01
BRX830,26980,2024-06-01
BRX831,-21245,2024-06-01
BRX832,-28509,2024-06-01
BRX833,-43206,2024-06-01
BRX834,11831,2024-06-01
BRX835,28614,2024-06-01
BRX836,27023,2024-06-01
BRX837,43788,2024-06-01
BRX838,-8817,2024-06-01
BRX839,-15322,2024-06-01
BRX840,-25916,2024-06-01
BRX841,-29048,2024-06-01
BRX842,-27509,2024-06-01
BRX843,-37486,2024-06-01
BRX844,43829,2024-06-01
BRX845,-31975,2024-06-01
BRX846,756,2024-06-01
BRX847,39958,2024-06-01
BRX848,21929,2024-06-01
BRX849,37141,2024-06-01
BRX850,-15018,2024-06-01
BRX851,35768,2024-06-01
BRX852,48765,2024-06-01
BRX853,9119,2024-06-01
BRX854,-34404,2024-06-01
BRX855,35767,2024-06-01
BRX856,-18010,2024-06-01
BRX857,10816,2024-06-01
BRX858,7850,2024-06-01
BRX859,-43905,2024-06-01
BRX860,-5873,2024-06-01
BRX861,5388,2024-06-01
BRX862,27449,2024-06-01
BRX863,-791,2024-06-01
BRX864,-7050,2024-06-01
BRX865,2210,2024-06-01
BRX866,-9410,2024-06-01
BRX867,-13342,2024-06-01
BRX868,10247,2024-06-01
BRX869,-35289,2024-06-01
BRX870,-6188,2024-06-01
BRX871,45893,2024-06-01
BRX872,-36069,2024-06-01
BRX873,-24090,2024-06-01
BRX874,41316,2024-06-01
BRX875,28191,2024-06-01
BRX876,-29958,2024-06-01
BRX877,-12253,2024-06-01
BRX878,-24452,2024-06-01
BRX879,4624,2024-06-01
BRX880,-4804,2024-06-01
BRX881,-4349,2024-06-01
BRX882,-6197,2024-06-01
BRX883,6089,2024-06-01
BRX884,6597,2024-06-01
BRX885,-42157,2024-06-01
BRX886,16655,2024-06-01
BRX887,30166,2024-06-01
BRX888,15102,2024-06-01
BRX889,-37953,2024-06-01
BRX890,5550,2024-06-01
BRX891,40629,2024-06-01
BRX892,-38546,2024-06-01
BRX893,-37974,2024-06-01
BRX894,33962,2024-06-01
BRX895,30439,2024-06-01
BRX896,44775,2024-06-01
BRX897,10889,2024-06-01
BRX898,22179,2024-06-01
BRX899,26056,2024-06-01
BRX900,45992,2024-06-01
BRX901,32408,2024-06-01
BRX902,-6857,2024-06-01
BRX903,-42104,2024-06-01
BRX904,-47599,2024-06-01
BRX905,-41415,2024-06-01
BRX906,-7818,2024-06-01
BRX907,-26037,2024-06-01
BRX908,24956,2024-06-01
BRX909,-35255,2024-06-01
BRX910,-30614,2024-06-01
BRX911,-8542,2024-06-01
BRX912,-42150,2024-06-01
BRX913,19323,2024-06-01
BRX914,823,2024-06-01
BRX915,8094,2024-06-01
BRX916,32565,2024-06-01
BRX917,32141,2024-06-01
BRX918,32368,2024-06-01
BRX919,40438,2024-06-01
BRX920,-18301,2024-06-01
BRX921,-25117,2024-06-01
BRX922,37276,2024-06-01
BRX923,46908,2024-06-01
BRX924,-34784,2024-06-01
BRX925,-4077,2024-06-01
BRX926,-11316,2024-06-01
BRX927,34275,2024-06-01
BRX928,-41649,2024-06-01
BRX929,668,2024-06-01
BRX930,-2134,2024-06-01
BRX931,8337,2024-06-01
BRX932,22821,2024-06-01
BRX933,-11043,2024-06-01
BRX934,20432,2024-06-01
BRX935,17392,2024-06-01
BRX936,-30235,2024-06-01
BRX937,30939,2024-06-01
BRX938,-20430,2024-06-01
BRX939,-4275,2024-06-01
BRX940,-39247,2024-06-01
BRX941,-40987,2024-06-01
BRX942,-5300,2024-06-01
BRX943,44467,2024-06-01
BRX944,35651,2024-06-01
BRX945,26381,2024-06-01
BRX946,-22916,2024-06-01
BRX947,9356,2024-06-01
BRX948,36150,2024-06-01
BRX949,-25560,2024-06-01
BRX950,33285,2024-06-01
BRX951,9641,2024-06-01
BRX952,4584,2024-06-01
BRX953,37144,2024-06-01
BRX954,14841,2024-06-01
BRX955,-49694,2024-06-01
BRX956,15830,2024-06-01
BRX957,-9956,2024-06-01
BRX958,-11491,2024-06-01
BRX959,5243,2024-06-01
BRX960,-38534,2024-06-01
BRX961,49565,2024-06-01
BRX962,-5048,2024-06-01
BRX963,-3951,2024-06-01
BRX964,33825,2024-06-01
BRX965,-42721,2024-06-01
BRX966,-29954,2024-06-01
BRX967,25257,2024-06-01
BRX968,-2548,2024-06-01
BRX969,-11785,2024-06-01
BRX970,-26279,2024-06-01
BRX971,-28321,2024-06-01
BRX972,-9741,2024-06-01
BRX973,46912,2024-06-01
BRX974,-5660,2024-06-01
BRX975,-31565,2024-06-01
BRX976,-12554,2024-06-01
BRX977,24517,2024-06-01
BRX978,-30786,2024-06-01
BRX979,-33795,2024-06-01
BRX980,-12625,2024-06-01
BRX981,-49666,2024-06-01
BRX982,21892,2024-06-01
BRX983,885,2024-06-01
BRX984,28964,2024-06-01
BRX985,9170,2024-06-01
BRX986,2221,2024-06-01
BRX987,-23262,2024-06-01
BRX988,43974,2024-06-01
BRX989,12624,2024-06-01
BRX990,-376,2024-06-01
BRX991,19919,2024-06-01
BRX992,-43511,2024-06-01
BRX993,29070,2024-06-01
BRX994,17098,2024-06-01
BRX995,-28045,2024-06-01
BRX996,-17187,2024-06-01
BRX997,-20194,2024-06-01
BRX998,-15263,2024-06-01
BRX999,42906,2024-06-01
BRX1000,46139,2024-06-01
BRX1001,-21275,2024-06-01
BRX1002,-6875,2024-06-01
BRX1003,37364,2024-06-01
BRX1004,23376,2024-06-01
BRX1005,-23244,2024-06-01
BRX1006,-42463,2024-06-01
BRX1007,-38693,2024-06-01
BRX1008,-45817,2024-06-01
BRX1009,45794,2024-06-01
BRX1010,9165,2024-06-01
BRX1011,18452,2024-06-01
BRX1012,36547,2024-06-01
BRX1013,6901,2024-06-01
BRX1014,-40204,2024-06-01
BRX1015,20810,2024-06-01
BRX1016,25866,2024-06-01
BRX1017,-20475,2024-06-01
BRX1018,-48874,2024-06-01
BRX1019,-19588,2024-06-01
BRX1020,-43588,2024-06-01
BRX1021,-31865,2024-06-01
BRX1022,24075,2024-06-01
BRX1023,41177,2024-06-01
BRX1024,-35117,2024-06-01
BRX1025,12787,2024-06-01
BRX1026,-18232,2024-06-01
BRX1027,30230,2024-06-01
BRX1028,-9872,2024-06-01
BRX1029,-31242,2024-06-01
BRX1030,-45143,2024-06-01
BRX1031,-33033,2024-06-01
BRX1032,-46673,2024-06-01
BRX1033,43598,2024-06-01
BRX1034,17653,2024-06-01
BRX1035,-280,2024-06-01
BRX1036,30897,2024-06-01
BRX1037,45346,2024-06-01
BRX1038,-49802,2024-06-01
BRX1039,-11056,2024-06-01
BRX1040,-15677,2024-06-01
BRX1041,-33847,2024-06-01
BRX1042,34026,2024-06-01
BRX1043,-46803,2024-06-01
BRX1044,-35967,2024-06-01
BRX1045,-49926,2024-06-01
BRX1046,-17120,2024-06-01
BRX1047,-28167,2024-06-01
BRX1048,46929,2024-06-01
BRX1049,22732,2024-06-01
BRX1050,-1904,2024-06-01
BRX1051,31021,2024-06-01
BRX1052,-12705,2024-06-01
BRX1053,30467,2024-06-01
BRX1054,14012,2024-06-01
BRX1055,23232,2024-06-01
BRX1056,-8691,2024-06-01
BRX1057,37268,2024-06-01
BRX1058,-4692,2024-06-01
BRX1059,-6288,2024-06-01
BRX1060,-4040,2024-06-01
BRX1061,46653,2024-06-01
BRX1062,34874,2024-06-01
BRX1063,6916,2024-06-01
BRX1064,41134,2024-06-01
BRX1065,-19278,2024-06-01
BRX1066,-8731,2024-06-01
BRX1067,10854,2024-06-01
BRX1068,23276,2024-06-01
BRX1069,-31869,2024-06-01
BRX1070,47432,2024-06-01
BRX1071,39013,2024-06-01
BRX1072,43929,2024-06-01
BRX1073,16348,2024-06-01
BRX1074,-24209,2024-06-01
BRX1075,-8976,2024-06-01
BRX1076,2148,2024-06-01
BRX1077,-4646,2024-06-01
BRX1078,-39775,2024-06-01
BRX1079,12066,2024-06-01
BRX1080,-31490,2024-06-01
BRX1081,11342,2024-06-01
BRX1082,37950,2024-06-01
BRX1083,-42378,2024-06-01
BRX1084,41966,2024-06-01
BRX1085,-24851,2024-06-01
BRX1086,-27244,2024-06-01
BRX1087,-42345,2024-06-01
BRX1088,24835,2024-06-01
BRX1089,27200,2024-06-01
BRX1090,40405,2024-06-01
BRX1091,41211,2024-06-01
BRX1092,7150,2024-06-01
BRX1093,25526,2024-06-01
BRX1094,-39648,2024-06-01
BRX1095,11464,2024-06-01
BRX1096,-35777,2024-06-01
BRX1097,-22088,2024-06-01
BRX1098,-48917,2024-06-01
BRX1099,48499,2024-06-01
BRX1100,16625,2024-06-01
BRX1101,8086,2024-06-01
BRX1102,-1760,2024-06-01
BRX1103,-33061,2024-06-01
BRX1104,30855,2024-06-01
BRX1105,-34297,2024-06-01
BRX1106,45703,2024-06-01
BRX1107,45242,2024-06-01
BRX1108,12944,2024-06-01
BRX1109,2644,2024-06-01
BRX1110,28385,2024-06-01
BRX1111,14759,2024-06-01
BRX1112,42538,2024-06-01
BRX1113,-1829,2024-06-01
BRX1114,20891,2024-06-01
BRX1115,-42718,2024-06-01
BRX1116,-41747,2024-06-01
BRX1117,-23458,2024-06-01
BRX1118,5728,2024-06-01
BRX1119,-31647,2024-06-01
BRX1120,15620,2024-06-01
BRX1121,-13069,2024-06-01
BRX1122,44585,2024-06-01
BRX1123,35002,2024-06-01
BRX1124,-37560,2024-06-01
BRX1125,-48925,2024-06-01
BRX1126,-33731,2024-06-01
BRX1127,-41251,2024-06-01
BRX1128,47819,2024-06-01
BRX1129,8731,2024-06-01
BRX1130,46024,2024-06-01
BRX1131,22419,2024-06-01
BRX1132,-41911,2024-06-01
BRX1133,3363,2024-06-01
BRX1134,-17972,2024-06-01
BRX1135,8106,2024-06-01
BRX1136,48247,2024-06-01
BRX1137,793,2024-06-01
BRX1138,43897,2024-06-01
BRX1139,32191,2024-06-01
BRX1140,-36880,2024-06-01
BRX1141,-21123,2024-06-01
BRX1142,-26254,2024-06-01
BRX1143,-24699,2024-06-01
BRX1144,32060,2024-06-01
BRX1145,-21084,2024-06-01
BRX1146,-23333,2024-06-01
BRX1147,36383,2024-06-01
BRX1148,2383,2024-06-01
BRX1149,7950,2024-06-01
BRX1150,42944,2024-06-01
BRX1151,-5653,2024-06-01
BRX1152,8601,2024-06-01
BRX1153,29184,2024-06-01
BRX1154,-30590,2024-06-01
BRX1155,-15482,2024-06-01
BRX1156,-38519,2024-06-01
BRX1157,-45002,2024-06-01
BRX1158,30202,2024-06-01
BRX1159,-2894,2024-06-01
BRX1160,8383,2024-06-01
BRX1161,-48052,2024-06-01
BRX1162,-4659,2024-06-01
BRX1163,49433,2024-06-01
BRX1164,-48855,2024-06-01
BRX1165,49548,2024-06-01
BRX1166,19147,2024-06-01
BRX1167,-22676,2024-06-01
BRX1168,17809,2024-06-01
BRX1169,-17797,2024-06-01
BRX1170,-16525,2024-06-01
BRX1171,15873,2024-06-01
BRX1172,28714,2024-06-01
BRX1173,-13333,2024-06-01
BRX1174,46292,2024-06-01
BRX1175,43634,2024-06-01
BRX1176,43855,2024-06-01
BRX1177,10282,2024-06-01
BRX1178,-30375,2024-06-01
BRX1179,-29874,2024-06-01
BRX1180,8734,2024-06-01
BRX1181,-25174,2024-06-01
BRX1182,26492,2024-06-01
BRX1183,14785,2024-06-01
BRX1184,37982,2024-06-01
BRX1185,23609,2024-06-01
BRX1186,-23050,2024-06-01
BRX1187,-47023,2024-06-01
BRX1188,-33500,2024-06-01
BRX1189,-14323,2024-06-01
BRX1190,20915,2024-06-01
BRX1191,-17481,2024-06-01
BRX1192,-37929,2024-06-01
BRX1193,-48455,2024-06-01
BRX1194,-2947,2024-06-01
BRX1195,25842,2024-06-01
BRX1196,39669,2024-06-01
BRX1197,-28214,2024-06-01
BRX1198,32194,2024-06-01
BRX1199,22506,2024-06-01
BRX1200,39348,2024-06-01
BRX1201,867,2024-06-01
BRX1202,39696,2024-06-01
BRX1203,-38656,2024-06-01
BRX1204,16303,2024-06-01
BRX1205,31875,2024-06-01
BRX1206,-42022,2024-06-01
BRX1207,-28029,2024-06-01
BRX1208,-30386,2024-06-01
BRX1209,-48942,2024-06-01
BRX1210,23405,2024-06-01
BRX1211,-24643,2024-06-01
BRX1212,-42923,2024-06-01
BRX1213,23122,2024-06-01
BRX1214,46118,2024-06-01
BRX1215,40339,2024-06-01
BRX1216,1328,2024-06-01
BRX1217,42601,2024-06-01
BRX1218,24081,2024-06-01
BRX1219,-25445,2024-06-01
BRX1220,29637,2024-06-01
BRX1221,-23949,2024-06-01
BRX1222,10368,2024-06-01
BRX1223,-7078,2024-06-01
BRX1224,-15703,2024-06-01
BRX1225,6812,2024-06-01
BRX1226,-25792,2024-06-01
BRX1227,-10402,2024-06-01
BRX1228,-45887,2024-06-01
BRX1229,16244,2024-06-01
BRX1230,-46418,2024-06-01
BRX1231,8185,2024-06-01
BRX1232,-30546,2024-06-01
BRX1233,308,2024-06-01
BRX1234,14993,2024-06-01
BRX1235,-15518,2024-06-01
BRX1236,-1657,2024-06-01
BRX1237,37955,2024-06-01
BRX1238,44364,2024-06-01
BRX1239,-8191,2024-06-01
BRX1240,-6168,2024-06-01
BRX1241,-25571,2024-06-01
BRX1242,-25492,2024-06-01
BRX1243,-24217,2024-06-01
BRX1244,26086,2024-06-01
BRX1245,627,2024-06-01
BRX1246,-1321,2024-06-01
BRX1247,12284,2024-06-01
BRX1248,14628,2024-06-01
BRX1249,-20462,2024-06-01
BRX1250,22593,2024-06-01
BRX1251,-49229,2024-06-01
BRX1252,-47618,2024-06-01
BRX1253,-11004,2024-06-01
BRX1254,-16963,2024-06-01
BRX1255,-4684,2024-06-01
BRX1256,-48706,2024-06-01
BRX1257,46348,2024-06-01
BRX1258,30481,2024-06-01
BRX1259,-27568,2024-06-01
BRX1260,9942,2024-06-01
BRX1261,1696,2024-06-01
BRX1262,-10452,2024-06-01
BRX1263,-12204,2024-06-01
BRX1264,-25753,2024-06-01
BRX1265,16255,2024-06-01
BRX1266,18813,2024-06-01
BRX1267,19765,2024-06-01
BRX1268,31762,2024-06-01
BRX1269,11139,2024-06-01
BRX1270,-19128,2024-06-01
BRX1271,-22091,2024-06-01
BRX1272,-44359,2024-06-01
BRX1273,41008,2024-06-01
BRX1274,27273,2024-06-01
BRX1275,18174,2024-06-01
BRX1276,3794,2024-06-01
BRX1277,-33682,2024-06-01
BRX1278,-11010,2024-06-01
BRX1279,-13223,2024-06-01
BRX1280,590,2024-06-01
BRX1281,-41601,2024-06-01
BRX1282,-1529,2024-06-01
BRX1283,20420,2024-06-01
BRX1284,21528,2024-06-01
BRX1285,45175,2024-06-01
BRX1286,-8126,2024-06-01
BRX1287,-49581,2024-06-01
BRX1288,33903,2024-06-01
BRX1289,-40062,2024-06-01
BRX1290,-26689,2024-06-01
BRX1291,29792,2024-06-01
BRX1292,45945,2024-06-01
BRX1293,-17868,2024-06-01
BRX1294,26683,2024-06-01
BRX1295,17677,2024-06-01
BRX1296,-40468,2024-06-01
BRX1297,-22748,2024-06-01
BRX1298,-48351,2024-06-01
BRX1299,-18459,2024-06-01
BRX1300,-36548,2024-06-01
BRX1301,31510,2024-06-01
BRX1302,-21422,2024-06-01
BRX1303,12746,2024-06-01
BRX1304,20001,2024-06-01
BRX1305,-11531,2024-06-01
BRX1306,13103,2024-06-01
BRX1307,17056,2024-06-01
BRX1308,-27482,2024-06-01
BRX1309,33194,2024-06-01
BRX1310,-13493,2024-06-01
BRX1311,22213,2024-06-01
BRX1312,24651,2024-06-01
BRX1313,-47527,2024-06-01
BRX1314,-6714,2024-06-01
BRX1315,-25364,2024-06-01
BRX1316,-16633,2024-06-01
BRX1317,-30179,2024-06-01
BRX1318,-19324,2024-06-01
BRX1319,29547,2024-06-01
BRX1320,10603,2024-06-01
BRX1321,-48177,2024-06-01
BRX1322,30290,2024-06-01
BRX1323,-24555,2024-06-01
BRX1324,4185,2024-06-01
BRX1325,-3863,2024-06-01
BRX1326,-15250,2024-06-01
BRX1327,34567,2024-06-01
BRX1328,-12949,2024-06-01
BRX1329,15416,2024-06-01
BRX1330,-45136,2024-06-01
BRX1331,49147,2024-06-01
BRX1332,-46617,2024-06-01
BRX1333,-46608,2024-06-01
BRX1334,19809,2024-06-01
BRX1335,-21215,2024-06-01
BRX1336,31339,2024-06-01
BRX1337,8438,2024-06-01
BRX1338,14474,2024-06-01
BRX1339,31621,2024-06-01
BRX1340,-16712,2024-06-01
BRX1341,-42280,2024-06-01
BRX1342,-33912,2024-06-01
BRX1343,36466,2024-06-01
BRX1344,-37169,2024-06-01
BRX1345,10609,2024-06-01
BRX1346,11758,2024-06-01
BRX1347,-28598,2024-06-01
BRX1348,-36891,2024-06-01
BRX1349,-20156,2024-06-01
BRX1350,23160,2024-06-01
BRX1351,26329,2024-06-01
BRX1352,-16749,2024-06-01
BRX1353,-11122,2024-06-01
BRX1354,-23317,2024-06-01
BRX1355,-22192,2024-06-01
BRX1356,-14975,2024-06-01
BRX1357,-17300,2024-06-01
BRX1358,5497,2024-06-01
BRX1359,26404,2024-06-01
BRX1360,45348,2024-06-01
BRX1361,24807,2024-06-01
BRX1362,-26070,2024-06-01
BRX1363,-40904,2024-06-01
BRX1364,-36920,2024-06-01
BRX1365,27266,2024-06-01
BRX1366,-43361,2024-06-01
BRX1367,-25264,2024-06-01
BRX1368,-10291,2024-06-01
BRX1369,-20285,2024-06-01
BRX1370,-11543,2024-06-01
BRX1371,-5688,2024-06-01
BRX1372,-34439,2024-06-01
BRX1373,-39572,2024-06-01
BRX1374,7341,2024-06-01
BRX1375,-36207,2024-06-01
BRX1376,36700,2024-06-01
BRX1377,-20535,2024-06-01
BRX1378,18473,2024-06-01
BRX1379,-15258,2024-06-01
BRX1380,-15787,2024-06-01
BRX1381,6303,2024-06-01
BRX1382,11952,2024-06-01
BRX1383,-31671,2024-06-01
BRX1384,5411,2024-06-01
BRX1385,18996,2024-06-01
BRX1386,10971,2024-06-01
BRX1387,-13867,2024-06-01
BRX1388,-6301,2024-06-01
BRX1389,3918,2024-06-01
BRX1390,39927,2024-06-01
BRX1391,8003,2024-06-01
BRX1392,-29432,2024-06-01
BRX1393,-19305,2024-06-01
BRX1394,-34381,2024-06-01
BRX1395,-31584,2024-06-01
BRX1396,29233,2024-06-01
BRX1397,42906,2024-06-01
BRX1398,-18634,2024-06-01
BRX1399,-34952,2024-06-01
BRX1400,-49892,2024-06-01
BRX1401,-31573,2024-06-01
BRX1402,-21811,2024-06-01
BRX1403,-9415,2024-06-01
BRX1404,38812,2024-06-01
BRX1405,31665,2024-06-01
BRX1406,32204,2024-06-01
BRX1407,-16008,2024-06-01
BRX1408,19635,2024-06-01
BRX1409,-22019,2024-06-01
BRX1410,-43837,2024-06-01
BRX1411,24892,2024-06-01
BRX1412,-1780,2024-06-01
BRX1413,-9642,2024-06-01
BRX1414,33734,2024-06-01
BRX1415,26318,2024-06-01
BRX1416,-48235,2024-06-01
BRX1417,42637,2024-06-01
BRX1418,13030,2024-06-01
BRX1419,45060,2024-06-01
BRX1420,44232,2024-06-01
BRX1421,42115,2024-06-01
BRX1422,31577,2024-06-01
BRX1423,-8367,2024-06-01
BRX1424,14719,2024-06-01
BRX1425,13262,2024-06-01
BRX1426,45961,2024-06-01
BRX1427,8722,2024-06-01
BRX1428,49123,2024-06-01
BRX1429,-4375,2024-06-01
BRX1430,42346,2024-06-01
BRX1431,7978,2024-06-01
BRX1432,-19869,2024-06-01
BRX1433,-6500,2024-06-01
BRX1434,-27385,2024-06-01
BRX1435,38962,2024-06-01
BRX1436,9243,2024-06-01
BRX1437,-9633,2024-06-01
BRX1438,18522,2024-06-01
BRX1439,-7043,2024-06-01
BRX1440,-37336,2024-06-01
BRX1441,34839,2024-06-01
BRX1442,-7065,2024-06-01
BRX1443,1042,2024-06-01
BRX1444,34685,2024-06-01
BRX1445,-18405,2024-06-01
BRX1446,36756,2024-06-01
BRX1447,30711,2024-06-01
BRX1448,-38770,2024-06-01
BRX1449,16837,2024-06-01
BRX1450,16299,2024-06-01
BRX1451,15828,2024-06-01
BRX1452,17060,2024-06-01
BRX1453,38604,2024-06-01
BRX1454,18989,2024-06-01
BRX1455,-32500,2024-06-01
BRX1456,24474,2024-06-01
BRX1457,-45054,2024-06-01
BRX1458,-47531,2024-06-01
BRX1459,-25052,2024-06-01
BRX1460,4260,2024-06-01
BRX1461,-49076,2024-06-01
BRX1462,5148,2024-06-01
BRX1463,-11306,2024-06-01
BRX1464,-45620,2024-06-01
BRX1465,18321,2024-06-01
BRX1466,19137,2024-06-01
BRX1467,3002,2024-06-01
BRX1468,-14809,2024-06-01
BRX1469,32741,2024-06-01
BRX1470,13978,2024-06-01
BRX1471,37906,2024-06-01
BRX1472,15960,2024-06-01
BRX1473,-29831,2024-06-01
BRX1474,-8240,2024-06-01
BRX1475,-23315,2024-06-01
BRX1476,-36228,2024-06-01
BRX1477,-12261,2024-06-01
BRX1478,-7465,2024-06-01
BRX1479,14409,2024-06-01
BRX1480,34828,2024-06-01
BRX1481,-35214,2024-06-01
BRX1482,2569,2024-06-01
BRX1483,-41318,2024-06-01
BRX1484,11835,2024-06-01
BRX1485,42255,2024-06-01
BRX1486,28282,2024-06-01
BRX1487,41953,2024-06-01
BRX1488,-49727,2024-06-01
BRX1489,49897,2024-06-01
BRX1490,23786,2024-06-01
BRX1491,-14961,2024-06-01
BRX1492,-40741,2024-06-01
BRX1493,15899,2024-06-01
BRX1494,24681,2024-06-01
BRX1495,-28725,2024-06-01
BRX1496,-309,2024-06-01
BRX1497,-7932,2024-06-01
BRX1498,-33473,2024-06-01
BRX1499,-31910,2024-06-01
BRX1500,-47113,2024-06-01
BRX1501,-13690,2024-06-01
BRX1502,3924,2024-06-01
BRX1503,10447,2024-06-01
BRX1504,33261,2024-06-01
BRX1505,30233,2024-06-01
BRX1506,47316,2024-06-01
BRX1507,830,2024-06-01
BRX1508,-47954,2024-06-01
BRX1509,-10389,2024-06-01
BRX1510,23139,2024-06-01
BRX1511,-29519,2024-06-01
BRX1512,-18557,2024-06-01
BRX1513,21695,2024-06-01
BRX1514,-25800,2024-06-01
BRX1515,-31149,2024-06-01
BRX1516,33518,2024-06-01
BRX1517,12060,2024-06-01
BRX1518,41426,2024-06-01
BRX1519,4506,2024-06-01
BRX1520,47181,2024-06-01
BRX1521,46535,2024-06-01
BRX1522,-5487,2024-06-01
BRX1523,-7608,2024-06-01
BRX1524,30739,2024-06-01
BRX1525,-15587,2024-06-01
BRX1526,-32593,2024-06-01
BRX1527,22715,2024-06-01
BRX1528,41425,2024-06-01
BRX1529,-26871,2024-06-01
BRX1530,-13068,2024-06-01
BRX1531,-26307,2024-06-01
BRX1532,9466,2024-06-01
BRX1533,6946,2024-06-01
BRX1534,42445,2024-06-01
BRX1535,44730,2024-06-01
BRX1536,41064,2024-06-01
BRX1537,7800,2024-06-01
BRX1538,-32237,2024-06-01
BRX1539,13443,2024-06-01
BRX1540,2533,2024-06-01
BRX1541,-22961,2024-06-01
BRX1542,22987,2024-06-01
BRX1543,-35479,2024-06-01
BRX1544,-21352,2024-06-01
BRX1545,-9793,2024-06-01
BRX1546,-30061,2024-06-01
BRX1547,8007,2024-06-01
BRX1548,-13790,2024-06-01
BRX1549,43939,2024-06-01
BRX1550,21539,2024-06-01
BRX1551,-26470,2024-06-01
BRX1552,-7648,2024-06-01
BRX1553,1755,2024-06-01
BRX1554,-4880,2024-06-01
BRX1555,464,2024-06-01
BRX1556,5226,2024-06-01
BRX1557,49149,2024-06-01
BRX1558,41450,2024-06-01
BRX1559,-47207,2024-06-01
BRX1560,4418,2024-06-01
BRX1561,42658,2024-06-01
BRX1562,-23788,2024-06-01
BRX1563,8765,2024-06-01
BRX1564,39351,2024-06-01
BRX1565,-48790,2024-06-01
BRX1566,-17457,2024-06-01
BRX1567,-6204,2024-06-01
BRX1568,-28098,2024-06-01
BRX1569,16172,2024-06-01
BRX1570,-39918,2024-06-01
BRX1571,-1258,2024-06-01
BRX1572,43129,2024-06-01
BRX1573,-22961,2024-06-01
BRX1574,48041,2024-06-01
BRX1575,-12676,2024-06-01
BRX1576,-41204,2024-06-01
BRX1577,28486,2024-06-01
BRX1578,11038,2024-06-01
BRX1579,-49183,2024-06-01
BRX1580,18851,2024-06-01
BRX1581,19373,2024-06-01
BRX1582,31105,2024-06-01
BRX1583,25549,2024-06-01
BRX1584,-37506,2024-06-01
BRX1585,3071,2024-06-01
BRX1586,-7449,2024-06-01
BRX1587,1163,2024-06-01
BRX1588,-18391,2024-06-01
BRX1589,-2731,2024-06-01
BRX1590,28854,2024-06-01
BRX1591,13029,2024-06-01
BRX1592,18808,2024-06-01
BRX1593,-4691,2024-06-01
BRX1594,-11858,2024-06-01
BRX1595,-32282,2024-06-01
BRX1596,-304,2024-06-01
BRX1597,-15332,2024-06-01
BRX1598,-36429,2024-06-01
BRX1599,27831,2024-06-01
BRX1600,-38539,2024-06-01
BRX1601,-46552,2024-06-01
BRX1602,36472,2024-06-01
BRX1603,47850,2024-06-01
BRX1604,-26695,2024-06-01
BRX1605,-10811,2024-06-01
BRX1606,48356,2024-06-01
BRX1607,-19575,2024-06-01
BRX1608,-34381,2024-06-01
BRX1609,-28440,2024-06-01
BRX1610,-41528,2024-06-01
BRX1611,19516,2024-06-01
BRX1612,10153,2024-06-01
BRX1613,-19055,2024-06-01
BRX1614,-27605,2024-06-01
BRX1615,49001,2024-06-01
BRX1616,-15364,2024-06-01
BRX1617,-13616,2024-06-01
BRX1618,12067,2024-06-01
BRX1619,47561,2024-06-01
BRX1620,-48589,2024-06-01
BRX1621,-19193,2024-06-01
BRX1622,5562,2024-06-01
BRX1623,-986,2024-06-01
BRX1624,15184,2024-06-01
BRX1625,5190,2024-06-01
BRX1626,-27780,2024-06-01
BRX1627,20634,2024-06-01
BRX1628,-47179,2024-06-01
BRX1629,32977,2024-06-01
BRX1630,-13540,2024-06-01
BRX1631,41652,2024-06-01
BRX1632,1992,2024-06-01
BRX1633,-9884,2024-06-01
BRX1634,-14718,2024-06-01
BRX1635,-49710,2024-06-01
BRX1636,41958,2024-06-01
BRX1637,-40471,2024-06-01
BRX1638,22393,2024-06-01
BRX1639,-9999,2024-06-01
BRX1640,14626,2024-06-01
BRX1641,-1688,2024-06-01
BRX1642,47387,2024-06-01
BRX1643,31487,2024-06-01
BRX1644,22528,2024-06-01
BRX1645,47746,2024-06-01
BRX1646,-33919,2024-06-01
BRX1647,-5695,2024-06-01
BRX1648,-18079,2024-06-01
BRX1649,-38927,2024-06-01
BRX1650,-25149,2024-06-01
BRX1651,-45651,2024-06-01
BRX1652,-4982,2024-06-01
BRX1653,-2641,2024-06-01
BRX1654,44348,2024-06-01
BRX1655,15990,2024-06-01
BRX1656,49750,2024-06-01
BRX1657,11060,2024-06-01
BRX1658,7568,2024-06-01
BRX1659,30499,2024-06-01
BRX1660,19723,2024-06-01
BRX1661,44935,2024-06-01
BRX1662,-3049,2024-06-01
BRX1663,34669,2024-06-01
BRX1664,34581,2024-06-01
BRX1665,-39029,2024-06-01
BRX1666,38827,2024-06-01
BRX1667,26973,2024-06-01
BRX1668,11729,2024-06-01
BRX1669,951,2024-06-01
BRX1670,48513,2024-06-01
BRX1671,19317,2024-06-01
BRX1672,39097,2024-06-01
BRX1673,-327,2024-06-01
BRX1674,24985,2024-06-01
BRX1675,-29303,2024-06-01
BRX1676,40723,2024-06-01
BRX1677,24219,2024-06-01
BRX1678,49404,2024-06-01
BRX1679,18139,2024-06-01
BRX1680,47288,2024-06-01
BRX1681,15172,2024-06-01
BRX1682,30926,2024-06-01
BRX1683,-22111,2024-06-01
BRX1684,-25798,2024-06-01
BRX1685,28324,2024-06-01
BRX1686,-34190,2024-06-01
BRX1687,2523,2024-06-01
BRX1688,27937,2024-06-01
BRX1689,-2739,2024-06-01
BRX1690,9944,2024-06-01
BRX1691,13863,2024-06-01
BRX1692,42101,2024-06-01
BRX1693,-35710,2024-06-01
BRX1694,-3699,2024-06-01
BRX1695,8186,2024-06-01
BRX1696,-28652,2024-06-01
BRX1697,1181,2024-06-01
BRX1698,20070,2024-06-01
BRX1699,38120,2024-06-01
BRX1700,-33369,2024-06-01
BRX1701,-38760,2024-06-01
BRX1702,-48471,2024-06-01
BRX1703,-35339,2024-06-01
BRX1704,48697,2024-06-01
BRX1705,47178,2024-06-01
BRX1706,-7080,2024-06-01
BRX1707,-34372,2024-06-01
BRX1708,-31608,2024-06-01
BRX1709,5838,2024-06-01
BRX1710,47110,2024-06-01
BRX1711,3273,2024-06-01
BRX1712,44668,2024-06-01
BRX1713,10336,2024-06-01
BRX1714,48364,2024-06-01
BRX1715,-8236,2024-06-01
BRX1716,17805,2024-06-01
BRX1717,-11894,2024-06-01
BRX1718,-6414,2024-06-01
BRX1719,-31220,2024-06-01
BRX1720,716,2024-06-01
BRX1721,-3384,2024-06-01
BRX1722,-49678,2024-06-01
BRX1723,-47210,2024-06-01
BRX1724,-23296,2024-06-01
BRX1725,-43190,2024-06-01
BRX1726,-17458,2024-06-01
BRX1727,8925,2024-06-01
BRX1728,-27220,2024-06-01
BRX1729,-19035,2024-06-01
BRX1730,-983,2024-06-01
BRX1731,-6557,2024-06-01
BRX1732,16219,2024-06-01
BRX1733,-32303,2024-06-01
BRX1734,21735,2024-06-01
BRX1735,-36087,2024-06-01
BRX1736,-47997,2024-06-01
BRX1737,39569,2024-06-01
BRX1738,-35109,2024-06-01
BRX1739,35389,2024-06-01
BRX1740,24871,2024-06-01
BRX1741,-44954,2024-06-01
BRX1742,11356,2024-06-01
BRX1743,-37971,2024-06-01
BRX1744,-40130,2024-06-01
BRX1745,-10271,2024-06-01
BRX1746,10654,2024-06-01
BRX1747,43733,2024-06-01
BRX1748,27440,2024-06-01
BRX1749,20308,2024-06-01
BRX1750,-7230,2024-06-01
BRX1751,5829,2024-06-01
BRX1752,-1122,2024-06-01
BRX1753,-31796,2024-06-01
BRX1754,-8355,2024-06-01
BRX1755,-5405,2024-06-01
BRX1756,-25275,2024-06-01
BRX1757,27375,2024-06-01
BRX1758,-20583,2024-06-01
BRX1759,-36737,2024-06-01
BRX1760,4140,2024-06-01
BRX1761,-29370,2024-06-01
BRX1762,17885,2024-06-01
BRX1763,29391,2024-06-01
BRX1764,-34837,2024-06-01
BRX1765,-34448,2024-06-01
BRX1766,-24034,2024-06-01
BRX1767,-47158,2024-06-01
BRX1768,47998,2024-06-01
BRX1769,44162,2024-06-01
BRX1770,11231,2024-06-01
BRX1771,21721,2024-06-01
BRX1772,5918,2024-06-01
BRX1773,-10211,2024-06-01
BRX1774,-33485,2024-06-01
BRX1775,15705,2024-06-01
BRX1776,29388,2024-06-01
BRX1777,46647,2024-06-01
BRX1778,-26494,2024-06-01
BRX1779,-37126,2024-06-01
BRX1780,45332,2024-06-01
BRX1781,-17321,2024-06-01
BRX1782,-24333,2024-06-01
BRX1783,47470,2024-06-01
BRX1784,-27826,2024-06-01
BRX1785,-47489,2024-06-01
BRX1786,14838,2024-06-01
BRX1787,3368,2024-06-01
BRX1788,-42632,2024-06-01
BRX1789,-4629,2024-06-01
BRX1790,-43798,2024-06-01
BRX1791,48137,2024-06-01
BRX1792,18574,2024-06-01
BRX1793,-3092,2024-06-01
BRX1794,-25582,2024-06-01
BRX1795,-13660,2024-06-01
BRX1796,11248,2024-06-01
BRX1797,-833,2024-06-01
BRX1798,24520,2024-06-01
BRX1799,23322,2024-06-01
BRX1800,14310,2024-06-01
BRX1801,-45459,2024-06-01
BRX1802,-18869,2024-06-01
BRX1803,-39370,2024-06-01
BRX1804,49573,2024-06-01
BRX1805,-12370,2024-06-01
BRX1806,-35280,2024-06-01
BRX1807,-4074,2024-06-01
BRX1808,-2977,2024-06-01
BRX1809,-25633,2024-06-01
BRX1810,-20910,2024-06-01
BRX1811,42694,2024-06-01
BRX1812,-10901,2024-06-01
BRX1813,44371,2024-06-01
BRX1814,-46599,2024-06-01
BRX1815,43557,2024-06-01
BRX1816,2567,2024-06-01
BRX1817,36050,2024-06-01
BRX1818,47237,2024-06-01
BRX1819,24883,2024-06-01
BRX1820,18792,2024-06-01
BRX1821,29407,2024-06-01
BRX1822,17109,2024-06-01
BRX1823,-30571,2024-06-01
BRX1824,13100,2024-06-01
BRX1825,-44287,2024-06-01
BRX1826,48645,2024-06-01
BRX1827,6641,2024-06-01
BRX1828,42171,2024-06-01
BRX1829,-8744,2024-06-01
BRX1830,-40933,2024-06-01
BRX1831,-29399,2024-06-01
BRX1832,-38926,2024-06-01
BRX1833,-34870,2024-06-01
BRX1834,-36090,2024-06-01
BRX1835,28594,2024-06-01
BRX1836,37361,2024-06-01
BRX1837,-14523,2024-06-01
BRX1838,29432,2024-06-01
BRX1839,19079,2024-06-01
BRX1840,8344,2024-06-01
BRX1841,41251,2024-06-01
BRX1842,4790,2024-06-01
BRX1843,30105,2024-06-01
BRX1844,21275,2024-06-01
BRX1845,-14176,2024-06-01
BRX1846,-38794,2024-06-01
BRX1847,34785,2024-06-01
BRX1848,-12279,2024-06-01
BRX1849,-22899,2024-06-01
BRX1850,-44411,2024-06-01
BRX1851,21208,2024-06-01
BRX1852,-39717,2024-06-01
BRX1853,8355,2024-06-01
BRX1854,-13333,2024-06-01
BRX1855,19119,2024-06-01
BRX1856,-30243,2024-06-01
BRX1857,-19672,2024-06-01
BRX1858,-20467,2024-06-01
BRX1859,-33229,2024-06-01
BRX1860,17359,2024-06-01
BRX1861,28646,2024-06-01
BRX1862,-41701,2024-06-01
BRX1863,-12259,2024-06-01
BRX1864,14355,2024-06-01
BRX1865,30991,2024-06-01
BRX1866,35154,2024-06-01
BRX1867,7735,2024-06-01
BRX1868,10649,2024-06-01
BRX1869,-2243,2024-06-01
BRX1870,16463,2024-06-01
BRX1871,43185,2024-06-01
BRX1872,-19763,2024-06-01
BRX1873,19671,2024-06-01
BRX1874,-12832,2024-06-01
BRX1875,9349,2024-06-01
BRX1876,-447,2024-06-01
BRX1877,-45497,2024-06-01
BRX1878,-15140,2024-06-01
BRX1879,25717,2024-06-01
BRX1880,27105,2024-06-01
BRX1881,1823,2024-06-01
BRX1882,7653,2024-06-01
BRX1883,-24073,2024-06-01
BRX1884,-44154,2024-06-01
BRX1885,30428,2024-06-01
BRX1886,5679,2024-06-01
BRX1887,-38473,2024-06-01
BRX1888,-25525,2024-06-01
BRX1889,-2439,2024-06-01
BRX1890,9673,2024-06-01
BRX1891,-20552,2024-06-01
BRX1892,38533,2024-06-01
BRX1893,-48541,2024-06-01
BRX1894,-13014,2024-06-01
BRX1895,-39793,2024-06-01
BRX1896,10157,2024-06-01
BRX1897,33954,2024-06-01
BRX1898,-42438,2024-06-01
BRX1899,-6326,2024-06-01
BRX1900,28448,2024-06-01
BRX1901,-25627,2024-06-01
BRX1902,24935,2024-06-01
BRX1903,19173,2024-06-01
BRX1904,-44336,2024-06-01
BRX1905,-34989,2024-06-01
BRX1906,42745,2024-06-01
BRX1907,12931,2024-06-01
BRX1908,-6599,2024-06-01
BRX1909,9852,2024-06-01
BRX1910,-28390,2024-06-01
BRX1911,-47512,2024-06-01
BRX1912,31270,2024-06-01
BRX1913,13160,2024-06-01
BRX1914,-9021,2024-06-01
BRX1915,45767,2024-06-01
BRX1916,-21059,2024-06-01
BRX1917,8718,2024-06-01
BRX1918,41366,2024-06-01
BRX1919,-21229,2024-06-01
BRX1920,-28789,2024-06-01
BRX1921,-36346,2024-06-01
BRX1922,-27877,2024-06-01
BRX1923,-46673,2024-06-01
BRX1924,-12659,2024-06-01
BRX1925,-20084,2024-06-01
BRX1926,31243,2024-06-01
BRX1927,-10152,2024-06-01
BRX1928,-38997,2024-06-01
BRX1929,-4302,2024-06-01
BRX1930,23473,2024-06-01
BRX1931,-37560,2024-06-01
BRX1932,-3779,2024-06-01
BRX1933,429,2024-06-01
BRX1934,-15806,2024-06-01
BRX1935,-23178,2024-06-01
BRX1936,48452,2024-06-01
BRX1937,31251,2024-06-01
BRX1938,-28446,2024-06-01
BRX1939,-26008,2024-06-01
BRX1940,3690,2024-06-01
BRX1941,46384,2024-06-01
BRX1942,-5101,2024-06-01
BRX1943,47533,2024-06-01
BRX1944,-31657,2024-06-01
BRX1945,-3198,2024-06-01
BRX1946,8081,2024-06-01
BRX1947,20540,2024-06-01
BRX1948,34387,2024-06-01
BRX1949,38777,2024-06-01
BRX1950,15982,2024-06-01
BRX1951,-3482,2024-06-01
BRX1952,-7074,2024-06-01
BRX1953,21766,2024-06-01
BRX1954,-4452,2024-06-01
BRX1955,-7985,2024-06-01
BRX1956,-18471,2024-06-01
BRX1957,-34678,2024-06-01
BRX1958,49447,2024-06-01
BRX1959,11531,2024-06-01
BRX1960,1525,2024-06-01
BRX1961,-47693,2024-06-01
BRX1962,-11405,2024-06-01
BRX1963,30899,2024-06-01
BRX1964,4784,2024-06-01
BRX1965,28590,2024-06-01
BRX1966,40356,2024-06-01
BRX1967,-16908,2024-06-01
BRX1968,18947,2024-06-01
BRX1969,-29737,2024-06-01
BRX1970,39584,2024-06-01
BRX1971,-23112,2024-06-01
BRX1972,-29240,2024-06-01
BRX1973,-37364,2024-06-01
BRX1974,33443,2024-06-01
BRX1975,-42326,2024-06-01
BRX1976,-30281,2024-06-01
BRX1977,3431,2024-06-01
BRX1978,-15878,2024-06-01
BRX1979,-27443,2024-06-01
BRX1980,3413,2024-06-01
BRX1981,-33214,2024-06-01
BRX1982,-26545,2024-06-01
BRX1983,48566,2024-06-01
BRX1984,49223,2024-06-01
BRX1985,-7285,2024-06-01
BRX1986,48248,2024-06-01
BRX1987,17359,2024-06-01
BRX1988,-38763,2024-06-01
BRX1989,37897,2024-06-01
BRX1990,-6862,2024-06-01
BRX1991,-45120,2024-06-01
BRX1992,24047,2024-06-01
BRX1993,-18459,2024-06-01
BRX1994,10633,2024-06-01
BRX1995,-44848,2024-06-01
BRX1996,-938,2024-06-01
BRX1997,18016,2024-06-01
BRX1998,-26446,2024-06-01
BRX1999,29911,2024-06-01
BRX2000,-3637,2024-06-01
BRX2001,41975,2024-06-01
BRX2002,24658,2024-06-01
BRX2003,-2166,2024-06-01
BRX2004,-10750,2024-06-01
BRX2005,14270,2024-06-01
BRX2006,-36855,2024-06-01
BRX2007,-4627,2024-06-01
BRX2008,4597,2024-06-01
BRX2009,20955,2024-06-01
BRX2010,21317,2024-06-01
BRX2011,4090,2024-06-01
BRX2012,38375,2024-06-01
BRX2013,40479,2024-06-01
BRX2014,27635,2024-06-01
BRX2015,48799,2024-06-01
BRX2016,-46203,2024-06-01
BRX2017,31703,2024-06-01
BRX2018,31695,2024-06-01
BRX2019,14375,2024-06-01
BRX2020,35071,2024-06-01
BRX2021,33519,2024-06-01
BRX2022,-12204,2024-06-01
BRX2023,28558,2024-06-01
BRX2024,12645,2024-06-01
BRX2025,-16083,2024-06-01
BRX2026,-10041,2024-06-01
BRX2027,36495,2024-06-01
BRX2028,-17237,2024-06-01
BRX2029,-11911,2024-06-01
BRX2030,-8017,2024-06-01
BRX2031,-4816,2024-06-01
BRX2032,-31642,2024-06-01
BRX2033,-1857,2024-06-01
BRX2034,24595,2024-06-01
BRX2035,39626,2024-06-01
BRX2036,44917,2024-06-01
BRX2037,-13096,2024-06-01
BRX2038,29857,2024-06-01
BRX2039,-42281,2024-06-01
BRX2040,15685,2024-06-01
BRX2041,-22109,2024-06-01
BRX2042,-26029,2024-06-01
BRX2043,-9399,2024-06-01
BRX2044,-49215,2024-06-01
BRX2045,-46980,2024-06-01
BRX2046,19445,2024-06-01
BRX2047,21685,2024-06-01
BRX2048,-33347,2024-06-01
BRX2049,13651,2024-06-01
BRX2050,-14114,2024-06-01
BRX2051,-6288,2024-06-01
BRX2052,-39227,2024-06-01
BRX2053,39937,2024-06-01
BRX2054,4160,2024-06-01
BRX2055,-27948,2024-06-01
BRX2056,25919,2024-06-01
BRX2057,43778,2024-06-01
BRX2058,12216,2024-06-01
BRX2059,-12321,2024-06-01
BRX2060,1719,2024-06-01
BRX2061,29583,2024-06-01
BRX2062,-3226,2024-06-01
BRX2063,3618,2024-06-01
BRX2064,42696,2024-06-01
BRX2065,36841,2024-06-01
BRX2066,29111,2024-06-01
BRX2067,32586,2024-06-01
BRX2068,29222,2024-06-01
BRX2069,25553,2024-06-01
BRX2070,26150,2024-06-01
BRX2071,6540,2024-06-01
BRX2072,-46913,2024-06-01
BRX2073,-24976,2024-06-01
BRX2074,34052,2024-06-01
BRX2075,-3907,2024-06-01
BRX2076,8601,2024-06-01
BRX2077,-26609,2024-06-01
BRX2078,-43214,2024-06-01
BRX2079,-32027,2024-06-01
BRX2080,-32212,2024-06-01
BRX2081,-4998,2024-06-01
BRX2082,3530,2024-06-01
BRX2083,-2293,2024-06-01
BRX2084,11260,2024-06-01
BRX2085,-39649,2024-06-01
BRX2086,-34971,2024-06-01
BRX2087,47773,2024-06-01
BRX2088,21947,2024-06-01
BRX2089,-37872,2024-06-01
BRX2090,48624,2024-06-01
BRX2091,2383,2024-06-01
BRX2092,-32566,2024-06-01
BRX2093,26095,2024-06-01
BRX2094,16759,2024-06-01
BRX2095,48211,2024-06-01
BRX2096,25520,2024-06-01
BRX2097,22226,2024-06-01
BRX2098,10022,2024-06-01
BRX2099,-39317,2024-06-01
BRX2100,21764,2024-06-01
BRX2101,-38195,2024-06-01
BRX2102,31126,2024-06-01
BRX2103,-1134,2024-06-01
BRX2104,-40452,2024-06-01
BRX2105,4037,2024-06-01
BRX2106,20435,2024-06-01
BRX2107,35592,2024-06-01
BRX2108,440,2024-06-01
BRX2109,19576,2024-06-01
BRX2110,-9090,2024-06-01
BRX2111,31453,2024-06-01
BRX2112,5309,2024-06-01
BRX2113,-25643,2024-06-01
BRX2114,-47932,2024-06-01
BRX2115,-35191,2024-06-01
BRX2116,28350,2024-06-01
BRX2117,49917,2024-06-01
BRX2118,-20530,2024-06-01
BRX2119,47159,2024-06-01
BRX2120,-6709,2024-06-01
BRX2121,36693,2024-06-01
BRX2122,-22681,2024-06-01
BRX2123,-15932,2024-06-01
BRX2124,21144,2024-06-01
BRX2125,-11121,2024-06-01
BRX2126,35557,2024-06-01
BRX2127,-24708,2024-06-01
BRX2128,9776,2024-06-01
BRX2129,-28050,2024-06-01
BRX2130,9794,2024-06-01
BRX2131,35396,2024-06-01
BRX2132,-31472,2024-06-01
BRX2133,-17642,2024-06-01
BRX2134,42586,2024-06-01
BRX2135,-35757,2024-06-01
BRX2136,17759,2024-06-01
BRX2137,-21045,2024-06-01
BRX2138,972,2024-06-01
BRX2139,-17973,2024-06-01
BRX2140,49260,2024-06-01
BRX2141,27933,2024-06-01
BRX2142,18526,2024-06-01
BRX2143,501,2024-06-01
BRX2144,25005,2024-06-01
BRX2145,-25452,2024-06-01
BRX2146,15213,2024-06-01
BRX2147,39690,2024-06-01
BRX2148,38016,2024-06-01
BRX2149,-9631,2024-06-01
BRX2150,-3508,2024-06-01
BRX2151,-9677,2024-06-01
BRX2152,-46624,2024-06-01
BRX2153,34725,2024-06-01
BRX2154,10023,2024-06-01
BRX2155,17029,2024-06-01
BRX2156,-37078,2024-06-01
BRX2157,-44678,2024-06-01
BRX2158,-120,2024-06-01
BRX2159,4019,2024-06-01
BRX2160,4922,2024-06-01
BRX2161,-39005,2024-06-01
BRX2162,-20741,2024-06-01
BRX2163,-24784,2024-06-01
BRX2164,-323,2024-06-01
BRX2165,-2256,2024-06-01
BRX2166,8070,2024-06-01
BRX2167,13771,2024-06-01
BRX2168,6933,2024-06-01
BRX2169,-13297,2024-06-01
BRX2170,-36095,2024-06-01
BRX2171,-47616,2024-06-01
BRX2172,-12853,2024-06-01
BRX2173,-10347,2024-06-01
BRX2174,-43092,2024-06-01
BRX2175,-21093,2024-06-01
BRX2176,-36245,2024-06-01
BRX2177,26484,2024-06-01
BRX2178,46977,2024-06-01
BRX2179,-19780,2024-06-01
BRX2180,29706,2024-06-01
BRX2181,11061,2024-06-01
BRX2182,-333,2024-06-01
BRX2183,-45574,2024-06-01
BRX2184,32161,2024-06-01
BRX2185,16043,2024-06-01
BRX2186,8900,2024-06-01
BRX2187,-17366,2024-06-01
BRX2188,18893,2024-06-01
BRX2189,23384,2024-06-01
BRX2190,5033,2024-06-01
BRX2191,-19194,2024-06-01
BRX2192,-45437,2024-06-01
BRX2193,37703,2024-06-01
BRX2194,-38704,2024-06-01
BRX2195,2881,2024-06-01
BRX2196,-10569,2024-06-01
BRX2197,-32579,2024-06-01
BRX2198,-1372,2024-06-01
BRX2199,37909,2024-06-01
BRX2200,-36844,2024-06-01
