trxID,amount,type,transactionTime
TRX001,60173,DEBIT,2024-06-01T08:15:00Z
TRX002,15251,CREDIT,2024-06-01T08:30:00Z
TRX003,70551,DEBIT,2024-06-01T08:45:00Z
TRX004,62820,DEBIT,2024-06-01T09:00:00Z
TRX005,72839,DEBIT,2024-06-01T09:15:00Z
TRX006,74595,CREDIT,2024-06-01T09:30:00Z
TRX007,90442,CREDIT,2024-06-01T09:45:00Z
TRX008,46796,DEBIT,2024-06-01T10:00:00Z
TRX009,5955,CREDIT,2024-06-01T10:15:00Z
TRX010,85235,CREDIT,2024-06-01T10:30:00Z
TRX011,4854,DEBIT,2024-06-01T10:45:00Z
TRX012,84083,DEBIT,2024-06-01T11:00:00Z
TRX013,96451,DEBIT,2024-06-01T11:15:00Z
TRX014,21693,DEBIT,2024-06-01T11:30:00Z
TRX015,20677,DEBIT,2024-06-01T11:45:00Z
TRX016,28136,CREDIT,2024-06-01T12:00:00Z
TRX017,46487,CREDIT,2024-06-01T12:15:00Z
TRX018,5656,DEBIT,2024-06-01T12:30:00Z
TRX019,12692,CREDIT,2024-06-01T12:45:00Z
TRX020,2693,DEBIT,2024-06-01T13:00:00Z
TRX021,12935,CREDIT,2024-06-01T13:15:00Z
TRX022,1295,DEBIT,2024-06-01T13:30:00Z
TRX023,36602,CREDIT,2024-06-01T13:45:00Z
TRX024,19771,CREDIT,2024-06-01T14:00:00Z
TRX025,42009,DEBIT,2024-06-01T14:15:00Z
TRX026,44676,DEBIT,2024-06-01T14:30:00Z
TRX027,83512,DEBIT,2024-06-01T14:45:00Z
TRX028,77192,DEBIT,2024-06-01T15:00:00Z
TRX029,93093,CREDIT,2024-06-01T15:15:00Z
TRX030,54862,DEBIT,2024-06-01T15:30:00Z
TRX031,91519,DEBIT,2024-06-01T15:45:00Z
TRX032,18940,DEBIT,2024-06-01T16:00:00Z
TRX033,72966,CREDIT,2024-06-01T16:15:00Z
TRX034,70726,DEBIT,2024-06-01T16:30:00Z
TRX035,10706,DEBIT,2024-06-01T16:45:00Z
TRX036,80282,CREDIT,2024-06-01T17:00:00Z
TRX037,55140,DEBIT,2024-06-01T17:15:00Z
TRX038,37158,DEBIT,2024-06-01T17:30:00Z
TRX039,34603,DEBIT,2024-06-01T17:45:00Z
TRX040,29109,DEBIT,2024-06-01T18:00:00Z
TRX041,19546,CREDIT,2024-06-01T18:15:00Z
TRX042,97608,CREDIT,2024-06-01T18:30:00Z
TRX043,37243,CREDIT,2024-06-01T18:45:00Z
TRX044,97832,CREDIT,2024-06-01T19:00:00Z
TRX045,68287,CREDIT,2024-06-01T19:15:00Z
TRX046,67772,DEBIT,2024-06-01T19:30:00Z
TRX047,27469,DEBIT,2024-06-01T19:45:00Z
TRX048,73904,DEBIT,2024-06-01T20:00:00Z
TRX049,86179,DEBIT,2024-06-01T20:15:00Z
TRX050,72182,DEBIT,2024-06-01T20:30:00Z
TRX051,30418,DEBIT,2024-06-01T20:45:00Z
TRX052,8692,CREDIT,2024-06-01T21:00:00Z
TRX053,11441,CREDIT,2024-06-01T21:15:00Z
TRX054,38916,CREDIT,2024-06-01T21:30:00Z
TRX055,17395,CREDIT,2024-06-01T21:45:00Z
TRX056,71776,CREDIT,2024-06-01T22:00:00Z
TRX057,71331,CREDIT,2024-06-01T22:15:00Z
TRX058,80484,CREDIT,2024-06-01T22:30:00Z
TRX059,29288,DEBIT,2024-06-01T22:45:00Z
TRX060,67864,CREDIT,2024-06-01T23:00:00Z
TRX061,27173,DEBIT,2024-06-01T23:15:00Z
TRX062,95651,CREDIT,2024-06-01T23:30:00Z
TRX063,80712,CREDIT,2024-06-01T23:45:00Z
TRX064,55173,DEBIT,2024-06-02T00:00:00Z
TRX065,6488,CREDIT,2024-06-02T00:15:00Z
TRX066,27709,DEBIT,2024-06-02T00:30:00Z
TRX067,73918,DEBIT,2024-06-02T00:45:00Z
TRX068,86366,DEBIT,2024-06-02T01:00:00Z
TRX069,16478,DEBIT,2024-06-02T01:15:00Z
TRX070,86596,CREDIT,2024-06-02T01:30:00Z
TRX071,16354,CREDIT,2024-06-02T01:45:00Z
TRX072,23118,CREDIT,2024-06-02T02:00:00Z
TRX073,22231,DEBIT,2024-06-02T02:15:00Z
TRX074,47776,DEBIT,2024-06-02T02:30:00Z
TRX075,16709,DEBIT,2024-06-02T02:45:00Z
TRX076,68792,DEBIT,2024-06-02T03:00:00Z
TRX077,50454,CREDIT,2024-06-02T03:15:00Z
TRX078,93144,DEBIT,2024-06-02T03:30:00Z
TRX079,16105,CREDIT,2024-06-02T03:45:00Z
TRX080,80320,CREDIT,2024-06-02T04:00:00Z
TRX081,74218,DEBIT,2024-06-02T04:15:00Z
TRX082,80777,CREDIT,2024-06-02T04:30:00Z
TRX083,24553,DEBIT,2024-06-02T04:45:00Z
TRX084,98420,DEBIT,2024-06-02T05:00:00Z
TRX085,13922,DEBIT,2024-06-02T05:15:00Z
TRX086,15706,DEBIT,2024-06-02T05:30:00Z
TRX087,73975,CREDIT,2024-06-02T05:45:00Z
TRX088,69183,CREDIT,2024-06-02T06:00:00Z
TRX089,90566,CREDIT,2024-06-02T06:15:00Z
TRX090,30653,DEBIT,2024-06-02T06:30:00Z
TRX091,84135,DEBIT,2024-06-02T06:45:00Z
TRX092,94098,CREDIT,2024-06-02T07:00:00Z
TRX093,57439,DEBIT,2024-06-02T07:15:00Z
TRX094,72213,DEBIT,2024-06-02T07:30:00Z
TRX095,90465,DEBIT,2024-06-02T07:45:00Z
TRX096,15926,CREDIT,2024-06-01T08:00:00Z
TRX097,37628,CREDIT,2024-06-01T08:15:00Z
TRX098,95123,DEBIT,2024-06-01T08:30:00Z
TRX099,53764,CREDIT,2024-06-01T08:45:00Z
TRX100,77616,CREDIT,2024-06-01T09:00:00Z
TRX101,71385,CREDIT,2024-06-01T09:15:00Z
TRX102,34018,CREDIT,2024-06-01T09:30:00Z
TRX103,55953,DEBIT,2024-06-01T09:45:00Z
TRX104,29600,DEBIT,2024-06-01T10:00:00Z
TRX105,13129,DEBIT,2024-06-01T10:15:00Z
TRX106,68237,DEBIT,2024-06-01T10:30:00Z
TRX107,28538,CREDIT,2024-06-01T10:45:00Z
TRX108,16212,DEBIT,2024-06-01T11:00:00Z
TRX109,89276,DEBIT,2024-06-01T11:15:00Z
TRX110,75726,CREDIT,2024-06-01T11:30:00Z
TRX111,34416,DEBIT,2024-06-01T11:45:00Z
TRX112,2238,CREDIT,2024-06-01T12:00:00Z
TRX113,42342,CREDIT,2024-06-01T12:15:00Z
TRX114,30647,DEBIT,2024-06-01T12:30:00Z
TRX115,5788,DEBIT,2024-06-01T12:45:00Z
TRX116,75038,CREDIT,2024-06-01T13:00:00Z
TRX117,55705,CREDIT,2024-06-01T13:15:00Z
TRX118,57002,CREDIT,2024-06-01T13:30:00Z
TRX119,40880,CREDIT,2024-06-01T13:45:00Z
TRX120,52958,CREDIT,2024-06-01T14:00:00Z
TRX121,94649,CREDIT,2024-06-01T14:15:00Z
TRX122,75032,DEBIT,2024-06-01T14:30:00Z
TRX123,33903,DEBIT,2024-06-01T14:45:00Z
TRX124,36682,CREDIT,2024-06-01T15:00:00Z
TRX125,71578,CREDIT,2024-06-01T15:15:00Z
TRX126,33643,DEBIT,2024-06-01T15:30:00Z
TRX127,71492,DEBIT,2024-06-01T15:45:00Z
TRX128,95985,CREDIT,2024-06-01T16:00:00Z
TRX129,3736,CREDIT,2024-06-01T16:15:00Z
TRX130,57906,DEBIT,2024-06-01T16:30:00Z
TRX131,71405,DEBIT,2024-06-01T16:45:00Z
TRX132,79305,CREDIT,2024-06-01T17:00:00Z
TRX133,9770,DEBIT,2024-06-01T17:15:00Z
TRX134,86052,CREDIT,2024-06-01T17:30:00Z
TRX135,89868,DEBIT,2024-06-01T17:45:00Z
TRX136,98920,DEBIT,2024-06-01T18:00:00Z
TRX137,70625,CREDIT,2024-06-01T18:15:00Z
TRX138,47033,DEBIT,2024-06-01T18:30:00Z
TRX139,12979,CREDIT,2024-06-01T18:45:00Z
TRX140,26045,CREDIT,2024-06-01T19:00:00Z
TRX141,90036,CREDIT,2024-06-01T19:15:00Z
TRX142,76703,DEBIT,2024-06-01T19:30:00Z
TRX143,17075,CREDIT,2024-06-01T19:45:00Z
TRX144,99066,CREDIT,2024-06-01T20:00:00Z
TRX145,32335,DEBIT,2024-06-01T20:15:00Z
TRX146,46018,CREDIT,2024-06-01T20:30:00Z
TRX147,25874,CREDIT,2024-06-01T20:45:00Z
TRX148,46021,DEBIT,2024-06-01T21:00:00Z
TRX149,87651,CREDIT,2024-06-01T21:15:00Z
TRX150,79739,CREDIT,2024-06-01T21:30:00Z
TRX151,99962,CREDIT,2024-06-01T21:45:00Z
TRX152,18321,DEBIT,2024-06-01T22:00:00Z
TRX153,32967,CREDIT,2024-06-01T22:15:00Z
TRX154,61720,DEBIT,2024-06-01T22:30:00Z
TRX155,94739,CREDIT,2024-06-01T22:45:00Z
TRX156,38075,DEBIT,2024-06-01T23:00:00Z
TRX157,44457,DEBIT,2024-06-01T23:15:00Z
TRX158,80821,CREDIT,2024-06-01T23:30:00Z
TRX159,25207,CREDIT,2024-06-01T23:45:00Z
TRX160,96754,DEBIT,2024-06-02T00:00:00Z
TRX161,75217,DEBIT,2024-06-02T00:15:00Z
TRX162,12863,CREDIT,2024-06-02T00:30:00Z
TRX163,63931,CREDIT,2024-06-02T00:45:00Z
TRX164,88969,DEBIT,2024-06-02T01:00:00Z
TRX165,27018,CREDIT,2024-06-02T01:15:00Z
TRX166,65895,DEBIT,2024-06-02T01:30:00Z
TRX167,47275,DEBIT,2024-06-02T01:45:00Z
TRX168,35495,DEBIT,2024-06-02T02:00:00Z
TRX169,75782,DEBIT,2024-06-02T02:15:00Z
TRX170,99631,DEBIT,2024-06-02T02:30:00Z
TRX171,75906,CREDIT,2024-06-02T02:45:00Z
TRX172,4970,DEBIT,2024-06-02T03:00:00Z
TRX173,88392,DEBIT,2024-06-02T03:15:00Z
TRX174,76214,DEBIT,2024-06-02T03:30:00Z
TRX175,10532,CREDIT,2024-06-02T03:45:00Z
TRX176,51177,CREDIT,2024-06-02T04:00:00Z
TRX177,53082,DEBIT,2024-06-02T04:15:00Z
TRX178,29057,CREDIT,2024-06-02T04:30:00Z
TRX179,50163,DEBIT,2024-06-02T04:45:00Z
TRX180,16703,DEBIT,2024-06-02T05:00:00Z
TRX181,6890,DEBIT,2024-06-02T05:15:00Z
TRX182,5904,CREDIT,2024-06-02T05:30:00Z
TRX183,33947,CREDIT,2024-06-02T05:45:00Z
TRX184,75311,DEBIT,2024-06-02T06:00:00Z
TRX185,38900,DEBIT,2024-06-02T06:15:00Z
TRX186,82022,DEBIT,2024-06-02T06:30:00Z
TRX187,58555,CREDIT,2024-06-02T06:45:00Z
TRX188,18356,CREDIT,2024-06-02T07:00:00Z
TRX189,66104,CREDIT,2024-06-02T07:15:00Z
TRX190,58842,DEBIT,2024-06-02T07:30:00Z
TRX191,94115,CREDIT,2024-06-02T07:45:00Z
TRX192,84665,DEBIT,2024-06-01T08:00:00Z
TRX193,23992,DEBIT,2024-06-01T08:15:00Z
TRX194,81957,CREDIT,2024-06-01T08:30:00Z
TRX195,56117,CREDIT,2024-06-01T08:45:00Z
TRX196,58147,DEBIT,2024-06-01T09:00:00Z
TRX197,38750,DEBIT,2024-06-01T09:15:00Z
TRX198,5379,CREDIT,2024-06-01T09:30:00Z
TRX199,96413,DEBIT,2024-06-01T09:45:00Z
TRX200,98910,CREDIT,2024-06-01T10:00:00Z
TRX201,94524,DEBIT,2024-06-01T10:15:00Z
TRX202,11538,CREDIT,2024-06-01T10:30:00Z
TRX203,50591,CREDIT,2024-06-01T10:45:00Z
TRX204,6584,DEBIT,2024-06-01T11:00:00Z
TRX205,56796,CREDIT,2024-06-01T11:15:00Z
TRX206,25189,DEBIT,2024-06-01T11:30:00Z
TRX207,58126,DEBIT,2024-06-01T11:45:00Z
TRX208,60574,DEBIT,2024-06-01T12:00:00Z
TRX209,71352,DEBIT,2024-06-01T12:15:00Z
TRX210,90561,DEBIT,2024-06-01T12:30:00Z
TRX211,14913,DEBIT,2024-06-01T12:45:00Z
TRX212,69142,CREDIT,2024-06-01T13:00:00Z
TRX213,62519,DEBIT,2024-06-01T13:15:00Z
TRX214,81147,DEBIT,2024-06-01T13:30:00Z
TRX215,74522,DEBIT,2024-06-01T13:45:00Z
TRX216,72188,CREDIT,2024-06-01T14:00:00Z
TRX217,22075,DEBIT,2024-06-01T14:15:00Z
TRX218,32294,DEBIT,2024-06-01T14:30:00Z
TRX219,93531,CREDIT,2024-06-01T14:45:00Z
TRX220,67729,CREDIT,2024-06-01T15:00:00Z
TRX221,69323,DEBIT,2024-06-01T15:15:00Z
TRX222,58484,DEBIT,2024-06-01T15:30:00Z
TRX223,95550,DEBIT,2024-06-01T15:45:00Z
TRX224,92703,DEBIT,2024-06-01T16:00:00Z
TRX225,94522,DEBIT,2024-06-01T16:15:00Z
TRX226,70974,DEBIT,2024-06-01T16:30:00Z
TRX227,46994,CREDIT,2024-06-01T16:45:00Z
TRX228,17993,CREDIT,2024-06-01T17:00:00Z
TRX229,67370,DEBIT,2024-06-01T17:15:00Z
TRX230,28590,CREDIT,2024-06-01T17:30:00Z
TRX231,18487,CREDIT,2024-06-01T17:45:00Z
TRX232,13290,DEBIT,2024-06-01T18:00:00Z
TRX233,93915,CREDIT,2024-06-01T18:15:00Z
TRX234,71331,DEBIT,2024-06-01T18:30:00Z
TRX235,76367,CREDIT,2024-06-01T18:45:00Z
TRX236,10245,DEBIT,2024-06-01T19:00:00Z
TRX237,93666,DEBIT,2024-06-01T19:15:00Z
TRX238,81060,DEBIT,2024-06-01T19:30:00Z
TRX239,30460,CREDIT,2024-06-01T19:45:00Z
TRX240,9210,CREDIT,2024-06-01T20:00:00Z
TRX241,86918,CREDIT,2024-06-01T20:15:00Z
TRX242,83028,CREDIT,2024-06-01T20:30:00Z
TRX243,4219,CREDIT,2024-06-01T20:45:00Z
TRX244,80788,DEBIT,2024-06-01T21:00:00Z
TRX245,88138,CREDIT,2024-06-01T21:15:00Z
TRX246,73287,CREDIT,2024-06-01T21:30:00Z
TRX247,19301,DEBIT,2024-06-01T21:45:00Z
TRX248,70659,DEBIT,2024-06-01T22:00:00Z
TRX249,45625,DEBIT,2024-06-01T22:15:00Z
TRX250,40306,DEBIT,2024-06-01T22:30:00Z
TRX251,92276,DEBIT,2024-06-01T22:45:00Z
TRX252,61666,DEBIT,2024-06-01T23:00:00Z
TRX253,80069,DEBIT,2024-06-01T23:15:00Z
TRX254,41568,CREDIT,2024-06-01T23:30:00Z
TRX255,87099,CREDIT,2024-06-01T23:45:00Z
TRX256,45732,CREDIT,2024-06-02T00:00:00Z
TRX257,42617,CREDIT,2024-06-02T00:15:00Z
TRX258,96509,CREDIT,2024-06-02T00:30:00Z
TRX259,48219,DEBIT,2024-06-02T00:45:00Z
TRX260,29032,CREDIT,2024-06-02T01:00:00Z
TRX261,14686,CREDIT,2024-06-02T01:15:00Z
TRX262,50379,DEBIT,2024-06-02T01:30:00Z
TRX263,34015,DEBIT,2024-06-02T01:45:00Z
TRX264,75187,DEBIT,2024-06-02T02:00:00Z
TRX265,88832,CREDIT,2024-06-02T02:15:00Z
TRX266,6690,DEBIT,2024-06-02T02:30:00Z
TRX267,71343,CREDIT,2024-06-02T02:45:00Z
TRX268,98253,DEBIT,2024-06-02T03:00:00Z
TRX269,85410,DEBIT,2024-06-02T03:15:00Z
TRX270,43843,CREDIT,2024-06-02T03:30:00Z
TRX271,38848,DEBIT,2024-06-02T03:45:00Z
TRX272,99431,CREDIT,2024-06-02T04:00:00Z
TRX273,68064,DEBIT,2024-06-02T04:15:00Z
TRX274,83641,DEBIT,2024-06-02T04:30:00Z
TRX275,91959,DEBIT,2024-06-02T04:45:00Z
TRX276,29858,DEBIT,2024-06-02T05:00:00Z
TRX277,52547,DEBIT,2024-06-02T05:15:00Z
TRX278,75368,DEBIT,2024-06-02T05:30:00Z
TRX279,41528,CREDIT,2024-06-02T05:45:00Z
TRX280,7531,CREDIT,2024-06-02T06:00:00Z
TRX281,12382,DEBIT,2024-06-02T06:15:00Z
TRX282,82167,DEBIT,2024-06-02T06:30:00Z
TRX283,52024,DEBIT,2024-06-02T06:45:00Z
TRX284,34474,DEBIT,2024-06-02T07:00:00Z
TRX285,58002,DEBIT,2024-06-02T07:15:00Z
TRX286,41449,CREDIT,2024-06-02T07:30:00Z
TRX287,4958,CREDIT,2024-06-02T07:45:00Z
TRX288,31182,DEBIT,2024-06-01T08:00:00Z
TRX289,63005,CREDIT,2024-06-01T08:15:00Z
TRX290,42653,DEBIT,2024-06-01T08:30:00Z
TRX291,30012,CREDIT,2024-06-01T08:45:00Z
TRX292,64670,CREDIT,2024-06-01T09:00:00Z
TRX293,32077,CREDIT,2024-06-01T09:15:00Z
TRX294,80962,DEBIT,2024-06-01T09:30:00Z
TRX295,11848,CREDIT,2024-06-01T09:45:00Z
TRX296,10424,CREDIT,2024-06-01T10:00:00Z
TRX297,27452,DEBIT,2024-06-01T10:15:00Z
TRX298,98235,DEBIT,2024-06-01T10:30:00Z
TRX299,51405,CREDIT,2024-06-01T10:45:00Z
TRX300,3861,CREDIT,2024-06-01T11:00:00Z
TRX301,59295,CREDIT,2024-06-01T11:15:00Z
TRX302,91308,CREDIT,2024-06-01T11:30:00Z
TRX303,74599,CREDIT,2024-06-01T11:45:00Z
TRX304,72595,DEBIT,2024-06-01T12:00:00Z
TRX305,49042,DEBIT,2024-06-01T12:15:00Z
TRX306,79752,DEBIT,2024-06-01T12:30:00Z
TRX307,60162,DEBIT,2024-06-01T12:45:00Z
TRX308,13017,DEBIT,2024-06-01T13:00:00Z
TRX309,88283,CREDIT,2024-06-01T13:15:00Z
TRX310,35336,DEBIT,2024-06-01T13:30:00Z
TRX311,88344,CREDIT,2024-06-01T13:45:00Z
TRX312,74851,CREDIT,2024-06-01T14:00:00Z
TRX313,98482,CREDIT,2024-06-01T14:15:00Z
TRX314,51807,DEBIT,2024-06-01T14:30:00Z
TRX315,62228,DEBIT,2024-06-01T14:45:00Z
TRX316,58091,DEBIT,2024-06-01T15:00:00Z
TRX317,47998,CREDIT,2024-06-01T15:15:00Z
TRX318,15678,DEBIT,2024-06-01T15:30:00Z
TRX319,75976,DEBIT,2024-06-01T15:45:00Z
TRX320,23181,DEBIT,2024-06-01T16:00:00Z
TRX321,86568,CREDIT,2024-06-01T16:15:00Z
TRX322,71391,CREDIT,2024-06-01T16:30:00Z
TRX323,88732,DEBIT,2024-06-01T16:45:00Z
TRX324,61199,CREDIT,2024-06-01T17:00:00Z
TRX325,82886,CREDIT,2024-06-01T17:15:00Z
TRX326,23290,DEBIT,2024-06-01T17:30:00Z
TRX327,83155,DEBIT,2024-06-01T17:45:00Z
TRX328,13727,DEBIT,2024-06-01T18:00:00Z
TRX329,54957,CREDIT,2024-06-01T18:15:00Z
TRX330,71344,CREDIT,2024-06-01T18:30:00Z
TRX331,13284,CREDIT,2024-06-01T18:45:00Z
TRX332,94211,CREDIT,2024-06-01T19:00:00Z
TRX333,49722,CREDIT,2024-06-01T19:15:00Z
TRX334,1664,DEBIT,2024-06-01T19:30:00Z
TRX335,69889,CREDIT,2024-06-01T19:45:00Z
TRX336,11505,DEBIT,2024-06-01T20:00:00Z
TRX337,14249,DEBIT,2024-06-01T20:15:00Z
TRX338,2313,DEBIT,2024-06-01T20:30:00Z
TRX339,57337,DEBIT,2024-06-01T20:45:00Z
TRX340,46543,DEBIT,2024-06-01T21:00:00Z
TRX341,65030,CREDIT,2024-06-01T21:15:00Z
TRX342,1787,DEBIT,2024-06-01T21:30:00Z
TRX343,81532,DEBIT,2024-06-01T21:45:00Z
TRX344,86135,CREDIT,2024-06-01T22:00:00Z
TRX345,50913,DEBIT,2024-06-01T22:15:00Z
TRX346,7165,DEBIT,2024-06-01T22:30:00Z
TRX347,3430,CREDIT,2024-06-01T22:45:00Z
TRX348,4039,DEBIT,2024-06-01T23:00:00Z
TRX349,96822,DEBIT,2024-06-01T23:15:00Z
TRX350,58849,CREDIT,2024-06-01T23:30:00Z
TRX351,56890,DEBIT,2024-06-01T23:45:00Z
TRX352,35890,CREDIT,2024-06-02T00:00:00Z
TRX353,39939,CREDIT,2024-06-02T00:15:00Z
TRX354,6985,CREDIT,2024-06-02T00:30:00Z
TRX355,25060,CREDIT,2024-06-02T00:45:00Z
TRX356,26279,CREDIT,2024-06-02T01:00:00Z
TRX357,29857,CREDIT,2024-06-02T01:15:00Z
TRX358,15751,CREDIT,2024-06-02T01:30:00Z
TRX359,13910,DEBIT,2024-06-02T01:45:00Z
TRX360,51949,DEBIT,2024-06-02T02:00:00Z
TRX361,79806,DEBIT,2024-06-02T02:15:00Z
TRX362,46732,DEBIT,2024-06-02T02:30:00Z
TRX363,20163,DEBIT,2024-06-02T02:45:00Z
TRX364,63396,CREDIT,2024-06-02T03:00:00Z
TRX365,7480,DEBIT,2024-06-02T03:15:00Z
TRX366,37705,CREDIT,2024-06-02T03:30:00Z
TRX367,5289,DEBIT,2024-06-02T03:45:00Z
TRX368,61955,DEBIT,2024-06-02T04:00:00Z
TRX369,69100,CREDIT,2024-06-02T04:15:00Z
TRX370,65294,DEBIT,2024-06-02T04:30:00Z
TRX371,56167,DEBIT,2024-06-02T04:45:00Z
TRX372,51747,CREDIT,2024-06-02T05:00:00Z
TRX373,18610,DEBIT,2024-06-02T05:15:00Z
TRX374,93723,DEBIT,2024-06-02T05:30:00Z
TRX375,18283,CREDIT,2024-06-02T05:45:00Z
TRX376,31147,CREDIT,2024-06-02T06:00:00Z
TRX377,18530,CREDIT,2024-06-02T06:15:00Z
TRX378,50106,DEBIT,2024-06-02T06:30:00Z
TRX379,30509,CREDIT,2024-06-02T06:45:00Z
TRX380,74990,CREDIT,2024-06-02T07:00:00Z
TRX381,54392,DEBIT,2024-06-02T07:15:00Z
TRX382,36692,DEBIT,2024-06-02T07:30:00Z
TRX383,37747,DEBIT,2024-06-02T07:45:00Z
TRX384,5802,DEBIT,2024-06-01T08:00:00Z
TRX385,10621,CREDIT,2024-06-01T08:15:00Z
TRX386,3253,CREDIT,2024-06-01T08:30:00Z
TRX387,55139,CREDIT,2024-06-01T08:45:00Z
TRX388,12966,CREDIT,2024-06-01T09:00:00Z
TRX389,50990,CREDIT,2024-06-01T09:15:00Z
TRX390,35579,DEBIT,2024-06-01T09:30:00Z
TRX391,99579,CREDIT,2024-06-01T09:45:00Z
TRX392,85650,DEBIT,2024-06-01T10:00:00Z
TRX393,15384,DEBIT,2024-06-01T10:15:00Z
TRX394,23031,DEBIT,2024-06-01T10:30:00Z
TRX395,34263,CREDIT,2024-06-01T10:45:00Z
TRX396,57128,DEBIT,2024-06-01T11:00:00Z
TRX397,77960,CREDIT,2024-06-01T11:15:00Z
TRX398,61314,CREDIT,2024-06-01T11:30:00Z
TRX399,73998,DEBIT,2024-06-01T11:45:00Z
TRX400,80035,DEBIT,2024-06-01T12:00:00Z
TRX401,51396,CREDIT,2024-06-01T12:15:00Z
TRX402,48143,CREDIT,2024-06-01T12:30:00Z
TRX403,35603,DEBIT,2024-06-01T12:45:00Z
TRX404,61817,DEBIT,2024-06-01T13:00:00Z
TRX405,31367,CREDIT,2024-06-01T13:15:00Z
TRX406,92098,CREDIT,2024-06-01T13:30:00Z
TRX407,31522,CREDIT,2024-06-01T13:45:00Z
TRX408,53567,DEBIT,2024-06-01T14:00:00Z
TRX409,99761,CREDIT,2024-06-01T14:15:00Z
TRX410,75484,CREDIT,2024-06-01T14:30:00Z
TRX411,67950,DEBIT,2024-06-01T14:45:00Z
TRX412,80334,CREDIT,2024-06-01T15:00:00Z
TRX413,69842,DEBIT,2024-06-01T15:15:00Z
TRX414,91325,DEBIT,2024-06-01T15:30:00Z
TRX415,60012,CREDIT,2024-06-01T15:45:00Z
TRX416,63680,DEBIT,2024-06-01T16:00:00Z
TRX417,89864,CREDIT,2024-06-01T16:15:00Z
TRX418,74618,DEBIT,2024-06-01T16:30:00Z
TRX419,36959,CREDIT,2024-06-01T16:45:00Z
TRX420,71196,CREDIT,2024-06-01T17:00:00Z
TRX421,80365,CREDIT,2024-06-01T17:15:00Z
TRX422,20751,DEBIT,2024-06-01T17:30:00Z
TRX423,86296,CREDIT,2024-06-01T17:45:00Z
TRX424,15281,CREDIT,2024-06-01T18:00:00Z
TRX425,42648,DEBIT,2024-06-01T18:15:00Z
TRX426,44997,DEBIT,2024-06-01T18:30:00Z
TRX427,33398,DEBIT,2024-06-01T18:45:00Z
TRX428,95631,DEBIT,2024-06-01T19:00:00Z
TRX429,50343,CREDIT,2024-06-01T19:15:00Z
TRX430,91544,CREDIT,2024-06-01T19:30:00Z
TRX431,4720,DEBIT,2024-06-01T19:45:00Z
TRX432,57704,CREDIT,2024-06-01T20:00:00Z
TRX433,5509,CREDIT,2024-06-01T20:15:00Z
TRX434,83530,CREDIT,2024-06-01T20:30:00Z
TRX435,60825,CREDIT,2024-06-01T20:45:00Z
TRX436,21939,CREDIT,2024-06-01T21:00:00Z
TRX437,75675,DEBIT,2024-06-01T21:15:00Z
TRX438,97665,CREDIT,2024-06-01T21:30:00Z
TRX439,88129,DEBIT,2024-06-01T21:45:00Z
TRX440,67173,DEBIT,2024-06-01T22:00:00Z
TRX441,82104,CREDIT,2024-06-01T22:15:00Z
TRX442,68988,DEBIT,2024-06-01T22:30:00Z
TRX443,96689,CREDIT,2024-06-01T22:45:00Z
TRX444,99641,DEBIT,2024-06-01T23:00:00Z
TRX445,44892,CREDIT,2024-06-01T23:15:00Z
TRX446,3779,CREDIT,2024-06-01T23:30:00Z
TRX447,94357,DEBIT,2024-06-01T23:45:00Z
TRX448,34549,DEBIT,2024-06-02T00:00:00Z
TRX449,79249,CREDIT,2024-06-02T00:15:00Z
TRX450,99648,CREDIT,2024-06-02T00:30:00Z
TRX451,98962,DEBIT,2024-06-02T00:45:00Z
TRX452,32771,CREDIT,2024-06-02T01:00:00Z
TRX453,67061,CREDIT,2024-06-02T01:15:00Z
TRX454,96065,CREDIT,2024-06-02T01:30:00Z
TRX455,26994,DEBIT,2024-06-02T01:45:00Z
TRX456,49110,CREDIT,2024-06-02T02:00:00Z
TRX457,73650,DEBIT,2024-06-02T02:15:00Z
TRX458,11035,DEBIT,2024-06-02T02:30:00Z
TRX459,15604,CREDIT,2024-06-02T02:45:00Z
TRX460,72456,CREDIT,2024-06-02T03:00:00Z
TRX461,39740,DEBIT,2024-06-02T03:15:00Z
TRX462,59804,DEBIT,2024-06-02T03:30:00Z
TRX463,44990,CREDIT,2024-06-02T03:45:00Z
TRX464,66717,CREDIT,2024-06-02T04:00:00Z
TRX465,62011,CREDIT,2024-06-02T04:15:00Z
TRX466,34944,CREDIT,2024-06-02T04:30:00Z
TRX467,27468,DEBIT,2024-06-02T04:45:00Z
TRX468,22163,DEBIT,2024-06-02T05:00:00Z
TRX469,73815,CREDIT,2024-06-02T05:15:00Z
TRX470,25503,CREDIT,2024-06-02T05:30:00Z
TRX471,17111,DEBIT,2024-06-02T05:45:00Z
TRX472,25550,CREDIT,2024-06-02T06:00:00Z
TRX473,49999,DEBIT,2024-06-02T06:15:00Z
TRX474,9246,DEBIT,2024-06-02T06:30:00Z
TRX475,47308,DEBIT,2024-06-02T06:45:00Z
TRX476,3181,DEBIT,2024-06-02T07:00:00Z
TRX477,61641,DEBIT,2024-06-02T07:15:00Z
TRX478,51273,CREDIT,2024-06-02T07:30:00Z
TRX479,45215,DEBIT,2024-06-02T07:45:00Z
TRX480,2074,CREDIT,2024-06-01T08:00:00Z
TRX481,99679,DEBIT,2024-06-01T08:15:00Z
TRX482,76409,DEBIT,2024-06-01T08:30:00Z
TRX483,7867,CREDIT,2024-06-01T08:45:00Z
TRX484,89742,CREDIT,2024-06-01T09:00:00Z
TRX485,10838,DEBIT,2024-06-01T09:15:00Z
TRX486,58171,CREDIT,2024-06-01T09:30:00Z
TRX487,41341,CREDIT,2024-06-01T09:45:00Z
TRX488,5299,CREDIT,2024-06-01T10:00:00Z
TRX489,60332,DEBIT,2024-06-01T10:15:00Z
TRX490,61613,CREDIT,2024-06-01T10:30:00Z
TRX491,60523,DEBIT,2024-06-01T10:45:00Z
TRX492,15021,CREDIT,2024-06-01T11:00:00Z
TRX493,76361,DEBIT,2024-06-01T11:15:00Z
TRX494,57950,CREDIT,2024-06-01T11:30:00Z
TRX495,98791,CREDIT,2024-06-01T11:45:00Z
TRX496,33062,DEBIT,2024-06-01T12:00:00Z
TRX497,42590,CREDIT,2024-06-01T12:15:00Z
TRX498,39237,DEBIT,2024-06-01T12:30:00Z
TRX499,9978,CREDIT,2024-06-01T12:45:00Z
TRX500,42340,CREDIT,2024-06-01T13:00:00Z
TRX501,80120,DEBIT,2024-06-01T13:15:00Z
TRX502,66875,CREDIT,2024-06-01T13:30:00Z
TRX503,67603,DEBIT,2024-06-01T13:45:00Z
TRX504,85508,CREDIT,2024-06-01T14:00:00Z
TRX505,5794,CREDIT,2024-06-01T14:15:00Z
TRX506,33982,CREDIT,2024-06-01T14:30:00Z
TRX507,83147,DEBIT,2024-06-01T14:45:00Z
TRX508,61481,DEBIT,2024-06-01T15:00:00Z
TRX509,88483,DEBIT,2024-06-01T15:15:00Z
TRX510,91860,DEBIT,2024-06-01T15:30:00Z
TRX511,34751,DEBIT,2024-06-01T15:45:00Z
TRX512,56133,DEBIT,2024-06-01T16:00:00Z
TRX513,87933,DEBIT,2024-06-01T16:15:00Z
TRX514,47881,DEBIT,2024-06-01T16:30:00Z
TRX515,80223,CREDIT,2024-06-01T16:45:00Z
TRX516,3280,CREDIT,2024-06-01T17:00:00Z
TRX517,11693,DEBIT,2024-06-01T17:15:00Z
TRX518,65703,CREDIT,2024-06-01T17:30:00Z
TRX519,8396,DEBIT,2024-06-01T17:45:00Z
TRX520,1203,DEBIT,2024-06-01T18:00:00Z
TRX521,48851,DEBIT,2024-06-01T18:15:00Z
TRX522,15111,CREDIT,2024-06-01T18:30:00Z
TRX523,10511,DEBIT,2024-06-01T18:45:00Z
TRX524,10583,DEBIT,2024-06-01T19:00:00Z
TRX525,34221,CREDIT,2024-06-01T19:15:00Z
TRX526,34037,DEBIT,2024-06-01T19:30:00Z
TRX527,47523,DEBIT,2024-06-01T19:45:00Z
TRX528,71227,CREDIT,2024-06-01T20:00:00Z
TRX529,46432,DEBIT,2024-06-01T20:15:00Z
TRX530,44268,DEBIT,2024-06-01T20:30:00Z
TRX531,33059,DEBIT,2024-06-01T20:45:00Z
TRX532,4225,DEBIT,2024-06-01T21:00:00Z
TRX533,47272,CREDIT,2024-06-01T21:15:00Z
TRX534,30807,CREDIT,2024-06-01T21:30:00Z
TRX535,82304,DEBIT,2024-06-01T21:45:00Z
TRX536,62590,DEBIT,2024-06-01T22:00:00Z
TRX537,56887,CREDIT,2024-06-01T22:15:00Z
TRX538,75138,DEBIT,2024-06-01T22:30:00Z
TRX539,44333,DEBIT,2024-06-01T22:45:00Z
TRX540,87193,CREDIT,2024-06-01T23:00:00Z
TRX541,40466,DEBIT,2024-06-01T23:15:00Z
TRX542,88801,DEBIT,2024-06-01T23:30:00Z
TRX543,77832,DEBIT,2024-06-01T23:45:00Z
TRX544,98955,DEBIT,2024-06-02T00:00:00Z
TRX545,27795,DEBIT,2024-06-02T00:15:00Z
TRX546,82821,CREDIT,2024-06-02T00:30:00Z
TRX547,13125,CREDIT,2024-06-02T00:45:00Z
TRX548,7337,CREDIT,2024-06-02T01:00:00Z
TRX549,19019,CREDIT,2024-06-02T01:15:00Z
TRX550,3124,CREDIT,2024-06-02T01:30:00Z
TRX551,18699,DEBIT,2024-06-02T01:45:00Z
TRX552,87726,CREDIT,2024-06-02T02:00:00Z
TRX553,16668,DEBIT,2024-06-02T02:15:00Z
TRX554,6852,DEBIT,2024-06-02T02:30:00Z
TRX555,85056,DEBIT,2024-06-02T02:45:00Z
TRX556,98626,CREDIT,2024-06-02T03:00:00Z
TRX557,51479,CREDIT,2024-06-02T03:15:00Z
TRX558,5477,DEBIT,2024-06-02T03:30:00Z
TRX559,42866,DEBIT,2024-06-02T03:45:00Z
TRX560,34811,CREDIT,2024-06-02T04:00:00Z
TRX561,38407,DEBIT,2024-06-02T04:15:00Z
TRX562,49961,CREDIT,2024-06-02T04:30:00Z
TRX563,60148,CREDIT,2024-06-02T04:45:00Z
TRX564,59703,CREDIT,2024-06-02T05:00:00Z
TRX565,79982,DEBIT,2024-06-02T05:15:00Z
TRX566,54974,CREDIT,2024-06-02T05:30:00Z
TRX567,4313,CREDIT,2024-06-02T05:45:00Z
TRX568,82974,DEBIT,2024-06-02T06:00:00Z
TRX569,86043,CREDIT,2024-06-02T06:15:00Z
TRX570,64115,DEBIT,2024-06-02T06:30:00Z
TRX571,61442,CREDIT,2024-06-02T06:45:00Z
TRX572,84538,CREDIT,2024-06-02T07:00:00Z
TRX573,23543,DEBIT,2024-06-02T07:15:00Z
TRX574,52372,DEBIT,2024-06-02T07:30:00Z
TRX575,83750,DEBIT,2024-06-02T07:45:00Z
TRX576,80608,CREDIT,2024-06-01T08:00:00Z
TRX577,29111,CREDIT,2024-06-01T08:15:00Z
TRX578,66268,DEBIT,2024-06-01T08:30:00Z
TRX579,3065,CREDIT,2024-06-01T08:45:00Z
TRX580,83062,CREDIT,2024-06-01T09:00:00Z
TRX581,86273,CREDIT,2024-06-01T09:15:00Z
TRX582,95535,CREDIT,2024-06-01T09:30:00Z
TRX583,11768,CREDIT,2024-06-01T09:45:00Z
TRX584,7991,DEBIT,2024-06-01T10:00:00Z
TRX585,55331,DEBIT,2024-06-01T10:15:00Z
TRX586,25594,CREDIT,2024-06-01T10:30:00Z
TRX587,32753,CREDIT,2024-06-01T10:45:00Z
TRX588,65781,CREDIT,2024-06-01T11:00:00Z
TRX589,34871,CREDIT,2024-06-01T11:15:00Z
TRX590,26734,DEBIT,2024-06-01T11:30:00Z
TRX591,5058,CREDIT,2024-06-01T11:45:00Z
TRX592,12197,CREDIT,2024-06-01T12:00:00Z
TRX593,98361,DEBIT,2024-06-01T12:15:00Z
TRX594,87807,CREDIT,2024-06-01T12:30:00Z
TRX595,86811,CREDIT,2024-06-01T12:45:00Z
TRX596,20228,CREDIT,2024-06-01T13:00:00Z
TRX597,94142,CREDIT,2024-06-01T13:15:00Z
TRX598,33903,DEBIT,2024-06-01T13:30:00Z
TRX599,21448,CREDIT,2024-06-01T13:45:00Z
TRX600,87284,DEBIT,2024-06-01T14:00:00Z
TRX601,31818,DEBIT,2024-06-01T14:15:00Z
TRX602,55968,CREDIT,2024-06-01T14:30:00Z
TRX603,69640,CREDIT,2024-06-01T14:45:00Z
TRX604,66665,CREDIT,2024-06-01T15:00:00Z
TRX605,27367,CREDIT,2024-06-01T15:15:00Z
TRX606,73299,CREDIT,2024-06-01T15:30:00Z
TRX607,29309,DEBIT,2024-06-01T15:45:00Z
TRX608,65804,CREDIT,2024-06-01T16:00:00Z
TRX609,38898,DEBIT,2024-06-01T16:15:00Z
TRX610,74979,CREDIT,2024-06-01T16:30:00Z
TRX611,63290,DEBIT,2024-06-01T16:45:00Z
TRX612,52020,CREDIT,2024-06-01T17:00:00Z
TRX613,90728,DEBIT,2024-06-01T17:15:00Z
TRX614,71163,DEBIT,2024-06-01T17:30:00Z
TRX615,53728,CREDIT,2024-06-01T17:45:00Z
TRX616,86668,CREDIT,2024-06-01T18:00:00Z
TRX617,50349,DEBIT,2024-06-01T18:15:00Z
TRX618,85687,DEBIT,2024-06-01T18:30:00Z
TRX619,73380,DEBIT,2024-06-01T18:45:00Z
TRX620,41227,DEBIT,2024-06-01T19:00:00Z
TRX621,99053,DEBIT,2024-06-01T19:15:00Z
TRX622,70014,CREDIT,2024-06-01T19:30:00Z
TRX623,24978,DEBIT,2024-06-01T19:45:00Z
TRX624,48208,CREDIT,2024-06-01T20:00:00Z
TRX625,32347,CREDIT,2024-06-01T20:15:00Z
TRX626,62914,CREDIT,2024-06-01T20:30:00Z
TRX627,82878,DEBIT,2024-06-01T20:45:00Z
TRX628,96320,DEBIT,2024-06-01T21:00:00Z
TRX629,56960,CREDIT,2024-06-01T21:15:00Z
TRX630,21562,CREDIT,2024-06-01T21:30:00Z
TRX631,8204,CREDIT,2024-06-01T21:45:00Z
TRX632,24148,CREDIT,2024-06-01T22:00:00Z
TRX633,32333,DEBIT,2024-06-01T22:15:00Z
TRX634,27907,DEBIT,2024-06-01T22:30:00Z
TRX635,18574,CREDIT,2024-06-01T22:45:00Z
TRX636,99663,DEBIT,2024-06-01T23:00:00Z
TRX637,61375,CREDIT,2024-06-01T23:15:00Z
TRX638,49917,CREDIT,2024-06-01T23:30:00Z
TRX639,35285,DEBIT,2024-06-01T23:45:00Z
TRX640,47215,DEBIT,2024-06-02T00:00:00Z
TRX641,43360,CREDIT,2024-06-02T00:15:00Z
TRX642,88899,CREDIT,2024-06-02T00:30:00Z
TRX643,44767,DEBIT,2024-06-02T00:45:00Z
TRX644,89187,DEBIT,2024-06-02T01:00:00Z
TRX645,52608,DEBIT,2024-06-02T01:15:00Z
TRX646,44454,DEBIT,2024-06-02T01:30:00Z
TRX647,30122,DEBIT,2024-06-02T01:45:00Z
TRX648,22045,CREDIT,2024-06-02T02:00:00Z
TRX649,20883,CREDIT,2024-06-02T02:15:00Z
TRX650,17448,DEBIT,2024-06-02T02:30:00Z
TRX651,59868,DEBIT,2024-06-02T02:45:00Z
TRX652,55265,CREDIT,2024-06-02T03:00:00Z
TRX653,56652,DEBIT,2024-06-02T03:15:00Z
TRX654,82122,DEBIT,2024-06-02T03:30:00Z
TRX655,72858,CREDIT,2024-06-02T03:45:00Z
TRX656,18269,DEBIT,2024-06-02T04:00:00Z
TRX657,88803,DEBIT,2024-06-02T04:15:00Z
TRX658,55164,DEBIT,2024-06-02T04:30:00Z
TRX659,28269,DEBIT,2024-06-02T04:45:00Z
TRX660,59017,DEBIT,2024-06-02T05:00:00Z
TRX661,59809,DEBIT,2024-06-02T05:15:00Z
TRX662,89113,CREDIT,2024-06-02T05:30:00Z
TRX663,81206,CREDIT,2024-06-02T05:45:00Z
TRX664,10986,DEBIT,2024-06-02T06:00:00Z
TRX665,6502,CREDIT,2024-06-02T06:15:00Z
TRX666,81083,CREDIT,2024-06-02T06:30:00Z
TRX667,29774,CREDIT,2024-06-02T06:45:00Z
TRX668,77547,CREDIT,2024-06-02T07:00:00Z
TRX669,95400,CREDIT,2024-06-02T07:15:00Z
TRX670,25612,DEBIT,2024-06-02T07:30:00Z
TRX671,14275,CREDIT,2024-06-02T07:45:00Z
TRX672,87466,CREDIT,2024-06-01T08:00:00Z
TRX673,70711,CREDIT,2024-06-01T08:15:00Z
TRX674,80961,CREDIT,2024-06-01T08:30:00Z
TRX675,8225,DEBIT,2024-06-01T08:45:00Z
TRX676,52138,DEBIT,2024-06-01T09:00:00Z
TRX677,67856,DEBIT,2024-06-01T09:15:00Z
TRX678,5425,DEBIT,2024-06-01T09:30:00Z
TRX679,58965,CREDIT,2024-06-01T09:45:00Z
TRX680,23132,DEBIT,2024-06-01T10:00:00Z
TRX681,93598,DEBIT,2024-06-01T10:15:00Z
TRX682,32437,CREDIT,2024-06-01T10:30:00Z
TRX683,85995,CREDIT,2024-06-01T10:45:00Z
TRX684,69961,DEBIT,2024-06-01T11:00:00Z
TRX685,97888,DEBIT,2024-06-01T11:15:00Z
TRX686,93913,CREDIT,2024-06-01T11:30:00Z
TRX687,33688,DEBIT,2024-06-01T11:45:00Z
TRX688,4301,CREDIT,2024-06-01T12:00:00Z
TRX689,18934,CREDIT,2024-06-01T12:15:00Z
TRX690,5316,CREDIT,2024-06-01T12:30:00Z
TRX691,30060,CREDIT,2024-06-01T12:45:00Z
TRX692,22318,CREDIT,2024-06-01T13:00:00Z
TRX693,47365,DEBIT,2024-06-01T13:15:00Z
TRX694,92269,DEBIT,2024-06-01T13:30:00Z
TRX695,85554,CREDIT,2024-06-01T13:45:00Z
TRX696,53146,DEBIT,2024-06-01T14:00:00Z
TRX697,86251,CREDIT,2024-06-01T14:15:00Z
TRX698,69277,CREDIT,2024-06-01T14:30:00Z
TRX699,78626,CREDIT,2024-06-01T14:45:00Z
TRX700,45508,DEBIT,2024-06-01T15:00:00Z
TRX701,53735,DEBIT,2024-06-01T15:15:00Z
TRX702,99184,DEBIT,2024-06-01T15:30:00Z
TRX703,3520,DEBIT,2024-06-01T15:45:00Z
TRX704,76940,DEBIT,2024-06-01T16:00:00Z
TRX705,98025,CREDIT,2024-06-01T16:15:00Z
TRX706,8472,DEBIT,2024-06-01T16:30:00Z
TRX707,8942,CREDIT,2024-06-01T16:45:00Z
TRX708,72730,CREDIT,2024-06-01T17:00:00Z
TRX709,26806,DEBIT,2024-06-01T17:15:00Z
TRX710,28679,DEBIT,2024-06-01T17:30:00Z
TRX711,67988,CREDIT,2024-06-01T17:45:00Z
TRX712,4002,DEBIT,2024-06-01T18:00:00Z
TRX713,52265,CREDIT,2024-06-01T18:15:00Z
TRX714,56099,DEBIT,2024-06-01T18:30:00Z
TRX715,53551,DEBIT,2024-06-01T18:45:00Z
TRX716,39819,CREDIT,2024-06-01T19:00:00Z
TRX717,63509,DEBIT,2024-06-01T19:15:00Z
TRX718,42790,DEBIT,2024-06-01T19:30:00Z
TRX719,95418,DEBIT,2024-06-01T19:45:00Z
TRX720,88712,CREDIT,2024-06-01T20:00:00Z
TRX721,25829,CREDIT,2024-06-01T20:15:00Z
TRX722,3696,CREDIT,2024-06-01T20:30:00Z
TRX723,67558,CREDIT,2024-06-01T20:45:00Z
TRX724,90804,DEBIT,2024-06-01T21:00:00Z
TRX725,17052,CREDIT,2024-06-01T21:15:00Z
TRX726,8243,DEBIT,2024-06-01T21:30:00Z
TRX727,87875,CREDIT,2024-06-01T21:45:00Z
TRX728,29859,DEBIT,2024-06-01T22:00:00Z
TRX729,36290,DEBIT,2024-06-01T22:15:00Z
TRX730,46605,DEBIT,2024-06-01T22:30:00Z
TRX731,94555,CREDIT,2024-06-01T22:45:00Z
TRX732,24360,CREDIT,2024-06-01T23:00:00Z
TRX733,40606,CREDIT,2024-06-01T23:15:00Z
TRX734,74284,DEBIT,2024-06-01T23:30:00Z
TRX735,71999,CREDIT,2024-06-01T23:45:00Z
TRX736,76301,DEBIT,2024-06-02T00:00:00Z
TRX737,9899,CREDIT,2024-06-02T00:15:00Z
TRX738,56933,DEBIT,2024-06-02T00:30:00Z
TRX739,75567,DEBIT,2024-06-02T00:45:00Z
TRX740,62504,DEBIT,2024-06-02T01:00:00Z
TRX741,58757,CREDIT,2024-06-02T01:15:00Z
TRX742,4252,DEBIT,2024-06-02T01:30:00Z
TRX743,71590,CREDIT,2024-06-02T01:45:00Z
TRX744,67108,CREDIT,2024-06-02T02:00:00Z
TRX745,13993,DEBIT,2024-06-02T02:15:00Z
TRX746,99973,DEBIT,2024-06-02T02:30:00Z
TRX747,48092,DEBIT,2024-06-02T02:45:00Z
TRX748,98263,CREDIT,2024-06-02T03:00:00Z
TRX749,23746,DEBIT,2024-06-02T03:15:00Z
TRX750,76705,CREDIT,2024-06-02T03:30:00Z
TRX751,68932,DEBIT,2024-06-02T03:45:00Z
TRX752,58086,DEBIT,2024-06-02T04:00:00Z
TRX753,24912,DEBIT,2024-06-02T04:15:00Z
TRX754,38981,CREDIT,2024-06-02T04:30:00Z
TRX755,70076,DEBIT,2024-06-02T04:45:00Z
TRX756,1518,DEBIT,2024-06-02T05:00:00Z
TRX757,58242,CREDIT,2024-06-02T05:15:00Z
TRX758,9346,CREDIT,2024-06-02T05:30:00Z
TRX759,61283,DEBIT,2024-06-02T05:45:00Z
TRX760,48757,CREDIT,2024-06-02T06:00:00Z
TRX761,20581,CREDIT,2024-06-02T06:15:00Z
TRX762,92228,DEBIT,2024-06-02T06:30:00Z
TRX763,90347,CREDIT,2024-06-02T06:45:00Z
TRX764,46079,CREDIT,2024-06-02T07:00:00Z
TRX765,41541,DEBIT,2024-06-02T07:15:00Z
TRX766,50747,CREDIT,2024-06-02T07:30:00Z
TRX767,15046,DEBIT,2024-06-02T07:45:00Z
TRX768,20188,DEBIT,2024-06-01T08:00:00Z
TRX769,93079,DEBIT,2024-06-01T08:15:00Z
TRX770,6829,CREDIT,2024-06-01T08:30:00Z
TRX771,72383,DEBIT,2024-06-01T08:45:00Z
TRX772,58444,DEBIT,2024-06-01T09:00:00Z
TRX773,60551,DEBIT,2024-06-01T09:15:00Z
TRX774,46708,DEBIT,2024-06-01T09:30:00Z
TRX775,32361,CREDIT,2024-06-01T09:45:00Z
TRX776,94911,DEBIT,2024-06-01T10:00:00Z
TRX777,19309,DEBIT,2024-06-01T10:15:00Z
TRX778,78904,CREDIT,2024-06-01T10:30:00Z
TRX779,30702,CREDIT,2024-06-01T10:45:00Z
TRX780,45359,DEBIT,2024-06-01T11:00:00Z
TRX781,50636,CREDIT,2024-06-01T11:15:00Z
TRX782,49587,CREDIT,2024-06-01T11:30:00Z
TRX783,8677,CREDIT,2024-06-01T11:45:00Z
TRX784,44612,CREDIT,2024-06-01T12:00:00Z
TRX785,71710,DEBIT,2024-06-01T12:15:00Z
TRX786,12860,CREDIT,2024-06-01T12:30:00Z
TRX787,3606,DEBIT,2024-06-01T12:45:00Z
TRX788,55635,CREDIT,2024-06-01T13:00:00Z
TRX789,41804,CREDIT,2024-06-01T13:15:00Z
TRX790,59236,DEBIT,2024-06-01T13:30:00Z
TRX791,95189,CREDIT,2024-06-01T13:45:00Z
TRX792,67788,DEBIT,2024-06-01T14:00:00Z
TRX793,86243,CREDIT,2024-06-01T14:15:00Z
TRX794,64121,CREDIT,2024-06-01T14:30:00Z
TRX795,2888,DEBIT,2024-06-01T14:45:00Z
TRX796,35286,CREDIT,2024-06-01T15:00:00Z
TRX797,88165,CREDIT,2024-06-01T15:15:00Z
TRX798,34618,DEBIT,2024-06-01T15:30:00Z
TRX799,96108,CREDIT,2024-06-01T15:45:00Z
TRX800,49336,CREDIT,2024-06-01T16:00:00Z
TRX801,20912,CREDIT,2024-06-01T16:15:00Z
TRX802,24287,CREDIT,2024-06-01T16:30:00Z
TRX803,17445,CREDIT,2024-06-01T16:45:00Z
TRX804,4622,CREDIT,2024-06-01T17:00:00Z
TRX805,77581,CREDIT,2024-06-01T17:15:00Z
TRX806,72943,DEBIT,2024-06-01T17:30:00Z
TRX807,41012,DEBIT,2024-06-01T17:45:00Z
TRX808,45770,CREDIT,2024-06-01T18:00:00Z
TRX809,54837,DEBIT,2024-06-01T18:15:00Z
TRX810,7520,CREDIT,2024-06-01T18:30:00Z
TRX811,67396,DEBIT,2024-06-01T18:45:00Z
TRX812,56860,DEBIT,2024-06-01T19:00:00Z
TRX813,97347,DEBIT,2024-06-01T19:15:00Z
TRX814,54815,DEBIT,2024-06-01T19:30:00Z
TRX815,45454,DEBIT,2024-06-01T19:45:00Z
TRX816,34101,DEBIT,2024-06-01T20:00:00Z
TRX817,98125,DEBIT,2024-06-01T20:15:00Z
TRX818,93188,DEBIT,2024-06-01T20:30:00Z
TRX819,16306,DEBIT,2024-06-01T20:45:00Z
TRX820,85376,DEBIT,2024-06-01T21:00:00Z
TRX821,30008,CREDIT,2024-06-01T21:15:00Z
TRX822,62651,DEBIT,2024-06-01T21:30:00Z
TRX823,50082,CREDIT,2024-06-01T21:45:00Z
TRX824,97020,DEBIT,2024-06-01T22:00:00Z
TRX825,64893,CREDIT,2024-06-01T22:15:00Z
TRX826,22045,CREDIT,2024-06-01T22:30:00Z
TRX827,75419,CREDIT,2024-06-01T22:45:00Z
TRX828,57770,DEBIT,2024-06-01T23:00:00Z
TRX829,9057,DEBIT,2024-06-01T23:15:00Z
TRX830,18301,DEBIT,2024-06-01T23:30:00Z
TRX831,44695,DEBIT,2024-06-01T23:45:00Z
TRX832,17552,CREDIT,2024-06-02T00:00:00Z
TRX833,8283,DEBIT,2024-06-02T00:15:00Z
TRX834,79319,DEBIT,2024-06-02T00:30:00Z
TRX835,12215,CREDIT,2024-06-02T00:45:00Z
TRX836,52653,CREDIT,2024-06-02T01:00:00Z
TRX837,13524,CREDIT,2024-06-02T01:15:00Z
TRX838,22331,CREDIT,2024-06-02T01:30:00Z
TRX839,84425,DEBIT,2024-06-02T01:45:00Z
TRX840,88571,DEBIT,2024-06-02T02:00:00Z
TRX841,72008,DEBIT,2024-06-02T02:15:00Z
TRX842,59375,CREDIT,2024-06-02T02:30:00Z
TRX843,74518,DEBIT,2024-06-02T02:45:00Z
TRX844,17696,CREDIT,2024-06-02T03:00:00Z
TRX845,96729,DEBIT,2024-06-02T03:15:00Z
TRX846,64442,DEBIT,2024-06-02T03:30:00Z
TRX847,52097,DEBIT,2024-06-02T03:45:00Z
TRX848,59391,DEBIT,2024-06-02T04:00:00Z
TRX849,7874,DEBIT,2024-06-02T04:15:00Z
TRX850,16275,DEBIT,2024-06-02T04:30:00Z
TRX851,82105,DEBIT,2024-06-02T04:45:00Z
TRX852,32060,CREDIT,2024-06-02T05:00:00Z
TRX853,80435,CREDIT,2024-06-02T05:15:00Z
TRX854,73586,CREDIT,2024-06-02T05:30:00Z
TRX855,35179,CREDIT,2024-06-02T05:45:00Z
TRX856,74110,CREDIT,2024-06-02T06:00:00Z
TRX857,18815,CREDIT,2024-06-02T06:15:00Z
TRX858,68438,CREDIT,2024-06-02T06:30:00Z
TRX859,99348,CREDIT,2024-06-02T06:45:00Z
TRX860,10605,DEBIT,2024-06-02T07:00:00Z
TRX861,57044,CREDIT,2024-06-02T07:15:00Z
TRX862,86893,CREDIT,2024-06-02T07:30:00Z
TRX863,94210,CREDIT,2024-06-02T07:45:00Z
TRX864,67733,DEBIT,2024-06-01T08:00:00Z
TRX865,71542,DEBIT,2024-06-01T08:15:00Z
TRX866,53170,CREDIT,2024-06-01T08:30:00Z
TRX867,43319,CREDIT,2024-06-01T08:45:00Z
TRX868,46887,CREDIT,2024-06-01T09:00:00Z
TRX869,92024,CREDIT,2024-06-01T09:15:00Z
TRX870,44742,DEBIT,2024-06-01T09:30:00Z
TRX871,40312,CREDIT,2024-06-01T09:45:00Z
TRX872,11086,DEBIT,2024-06-01T10:00:00Z
TRX873,31036,CREDIT,2024-06-01T10:15:00Z
TRX874,99584,CREDIT,2024-06-01T10:30:00Z
TRX875,96178,DEBIT,2024-06-01T10:45:00Z
TRX876,8944,CREDIT,2024-06-01T11:00:00Z
TRX877,65810,CREDIT,2024-06-01T11:15:00Z
TRX878,86761,CREDIT,2024-06-01T11:30:00Z
TRX879,76516,DEBIT,2024-06-01T11:45:00Z
TRX880,34364,CREDIT,2024-06-01T12:00:00Z
TRX881,62052,CREDIT,2024-06-01T12:15:00Z
TRX882,24774,DEBIT,2024-06-01T12:30:00Z
TRX883,60346,CREDIT,2024-06-01T12:45:00Z
TRX884,98273,CREDIT,2024-06-01T13:00:00Z
TRX885,19292,CREDIT,2024-06-01T13:15:00Z
TRX886,85125,CREDIT,2024-06-01T13:30:00Z
TRX887,99475,DEBIT,2024-06-01T13:45:00Z
TRX888,68440,DEBIT,2024-06-01T14:00:00Z
TRX889,65776,CREDIT,2024-06-01T14:15:00Z
TRX890,95533,CREDIT,2024-06-01T14:30:00Z
TRX891,3423,DEBIT,2024-06-01T14:45:00Z
TRX892,96110,CREDIT,2024-06-01T15:00:00Z
TRX893,70696,DEBIT,2024-06-01T15:15:00Z
TRX894,17889,DEBIT,2024-06-01T15:30:00Z
TRX895,46851,DEBIT,2024-06-01T15:45:00Z
TRX896,33359,CREDIT,2024-06-01T16:00:00Z
TRX897,74215,DEBIT,2024-06-01T16:15:00Z
TRX898,42933,CREDIT,2024-06-01T16:30:00Z
TRX899,15943,CREDIT,2024-06-01T16:45:00Z
TRX900,81350,CREDIT,2024-06-01T17:00:00Z
TRX901,34606,DEBIT,2024-06-01T17:15:00Z
TRX902,31478,CREDIT,2024-06-01T17:30:00Z
TRX903,52437,DEBIT,2024-06-01T17:45:00Z
TRX904,18187,CREDIT,2024-06-01T18:00:00Z
TRX905,85496,DEBIT,2024-06-01T18:15:00Z
TRX906,52079,CREDIT,2024-06-01T18:30:00Z
TRX907,35985,DEBIT,2024-06-01T18:45:00Z
TRX908,28146,CREDIT,2024-06-01T19:00:00Z
TRX909,54510,DEBIT,2024-06-01T19:15:00Z
TRX910,42905,DEBIT,2024-06-01T19:30:00Z
TRX911,14137,CREDIT,2024-06-01T19:45:00Z
TRX912,97880,CREDIT,2024-06-01T20:00:00Z
TRX913,92296,CREDIT,2024-06-01T20:15:00Z
TRX914,85049,DEBIT,2024-06-01T20:30:00Z
TRX915,87200,CREDIT,2024-06-01T20:45:00Z
TRX916,27335,CREDIT,2024-06-01T21:00:00Z
TRX917,69973,DEBIT,2024-06-01T21:15:00Z
TRX918,58370,DEBIT,2024-06-01T21:30:00Z
TRX919,51007,CREDIT,2024-06-01T21:45:00Z
TRX920,19128,CREDIT,2024-06-01T22:00:00Z
TRX921,91951,DEBIT,2024-06-01T22:15:00Z
TRX922,64063,DEBIT,2024-06-01T22:30:00Z
TRX923,37836,DEBIT,2024-06-01T22:45:00Z
TRX924,23340,CREDIT,2024-06-01T23:00:00Z
TRX925,70389,DEBIT,2024-06-01T23:15:00Z
TRX926,36857,CREDIT,2024-06-01T23:30:00Z
TRX927,64589,CREDIT,2024-06-01T23:45:00Z
TRX928,61546,DEBIT,2024-06-02T00:00:00Z
TRX929,32244,CREDIT,2024-06-02T00:15:00Z
TRX930,59448,DEBIT,2024-06-02T00:30:00Z
TRX931,95276,DEBIT,2024-06-02T00:45:00Z
TRX932,67394,DEBIT,2024-06-02T01:00:00Z
TRX933,64270,DEBIT,2024-06-02T01:15:00Z
TRX934,14934,DEBIT,2024-06-02T01:30:00Z
TRX935,36037,CREDIT,2024-06-02T01:45:00Z
TRX936,88637,CREDIT,2024-06-02T02:00:00Z
TRX937,65509,CREDIT,2024-06-02T02:15:00Z
TRX938,22278,DEBIT,2024-06-02T02:30:00Z
TRX939,60206,DEBIT,2024-06-02T02:45:00Z
TRX940,74407,DEBIT,2024-06-02T03:00:00Z
TRX941,65674,DEBIT,2024-06-02T03:15:00Z
TRX942,56797,CREDIT,2024-06-02T03:30:00Z
TRX943,75391,DEBIT,2024-06-02T03:45:00Z
TRX944,94031,CREDIT,2024-06-02T04:00:00Z
TRX945,71716,CREDIT,2024-06-02T04:15:00Z
TRX946,79575,CREDIT,2024-06-02T04:30:00Z
TRX947,84708,CREDIT,2024-06-02T04:45:00Z
TRX948,98836,CREDIT,2024-06-02T05:00:00Z
TRX949,13889,DEBIT,2024-06-02T05:15:00Z
TRX950,79026,CREDIT,2024-06-02T05:30:00Z
TRX951,96442,DEBIT,2024-06-02T05:45:00Z
TRX952,25324,CREDIT,2024-06-02T06:00:00Z
TRX953,6383,DEBIT,2024-06-02T06:15:00Z
TRX954,24013,DEBIT,2024-06-02T06:30:00Z
TRX955,50921,DEBIT,2024-06-02T06:45:00Z
TRX956,99714,DEBIT,2024-06-02T07:00:00Z
TRX957,77791,CREDIT,2024-06-02T07:15:00Z
TRX958,32871,CREDIT,2024-06-02T07:30:00Z
TRX959,59505,DEBIT,2024-06-02T07:45:00Z
TRX960,80029,DEBIT,2024-06-01T08:00:00Z
TRX961,46929,CREDIT,2024-06-01T08:15:00Z
TRX962,8836,CREDIT,2024-06-01T08:30:00Z
TRX963,17259,DEBIT,2024-06-01T08:45:00Z
TRX964,57386,DEBIT,2024-06-01T09:00:00Z
TRX965,56790,DEBIT,2024-06-01T09:15:00Z
TRX966,44983,CREDIT,2024-06-01T09:30:00Z
TRX967,20879,DEBIT,2024-06-01T09:45:00Z
TRX968,49903,DEBIT,2024-06-01T10:00:00Z
TRX969,70632,DEBIT,2024-06-01T10:15:00Z
TRX970,9748,DEBIT,2024-06-01T10:30:00Z
TRX971,30082,CREDIT,2024-06-01T10:45:00Z
TRX972,33199,CREDIT,2024-06-01T11:00:00Z
TRX973,18033,DEBIT,2024-06-01T11:15:00Z
TRX974,90467,CREDIT,2024-06-01T11:30:00Z
TRX975,60294,CREDIT,2024-06-01T11:45:00Z
TRX976,84268,CREDIT,2024-06-01T12:00:00Z
TRX977,32905,DEBIT,2024-06-01T12:15:00Z
TRX978,22255,CREDIT,2024-06-01T12:30:00Z
TRX979,86965,DEBIT,2024-06-01T12:45:00Z
TRX980,46807,DEBIT,2024-06-01T13:00:00Z
TRX981,51583,CREDIT,2024-06-01T13:15:00Z
TRX982,84147,DEBIT,2024-06-01T13:30:00Z
TRX983,26294,CREDIT,2024-06-01T13:45:00Z
TRX984,5707,CREDIT,2024-06-01T14:00:00Z
TRX985,23338,CREDIT,2024-06-01T14:15:00Z
TRX986,82051,CREDIT,2024-06-01T14:30:00Z
TRX987,61192,DEBIT,2024-06-01T14:45:00Z
TRX988,76627,DEBIT,2024-06-01T15:00:00Z
TRX989,82736,DEBIT,2024-06-01T15:15:00Z
TRX990,86924,CREDIT,2024-06-01T15:30:00Z
TRX991,41685,CREDIT,2024-06-01T15:45:00Z
TRX992,27994,CREDIT,2024-06-01T16:00:00Z
TRX993,33382,CREDIT,2024-06-01T16:15:00Z
TRX994,22902,DEBIT,2024-06-01T16:30:00Z
TRX995,21935,CREDIT,2024-06-01T16:45:00Z
TRX996,49174,DEBIT,2024-06-01T17:00:00Z
TRX997,30787,CREDIT,2024-06-01T17:15:00Z
TRX998,22844,DEBIT,2024-06-01T17:30:00Z
TRX999,13664,CREDIT,2024-06-01T17:45:00Z
TRX1000,48305,CREDIT,2024-06-01T18:00:00Z
TRX1001,40043,CREDIT,2024-06-01T18:15:00Z
TRX1002,11509,CREDIT,2024-06-01T18:30:00Z
TRX1003,61008,DEBIT,2024-06-01T18:45:00Z
TRX1004,75579,CREDIT,2024-06-01T19:00:00Z
TRX1005,70129,DEBIT,2024-06-01T19:15:00Z
TRX1006,36096,CREDIT,2024-06-01T19:30:00Z
TRX1007,14600,DEBIT,2024-06-01T19:45:00Z
TRX1008,43326,DEBIT,2024-06-01T20:00:00Z
TRX1009,26532,DEBIT,2024-06-01T20:15:00Z
TRX1010,17803,CREDIT,2024-06-01T20:30:00Z
TRX1011,77753,DEBIT,2024-06-01T20:45:00Z
TRX1012,40175,CREDIT,2024-06-01T21:00:00Z
TRX1013,65828,CREDIT,2024-06-01T21:15:00Z
TRX1014,89087,CREDIT,2024-06-01T21:30:00Z
TRX1015,44953,DEBIT,2024-06-01T21:45:00Z
TRX1016,71027,CREDIT,2024-06-01T22:00:00Z
TRX1017,43414,DEBIT,2024-06-01T22:15:00Z
TRX1018,39234,DEBIT,2024-06-01T22:30:00Z
TRX1019,72264,DEBIT,2024-06-01T22:45:00Z
TRX1020,70877,DEBIT,2024-06-01T23:00:00Z
TRX1021,1643,CREDIT,2024-06-01T23:15:00Z
TRX1022,72023,CREDIT,2024-06-01T23:30:00Z
TRX1023,42071,CREDIT,2024-06-01T23:45:00Z
TRX1024,14910,DEBIT,2024-06-02T00:00:00Z
TRX1025,4260,DEBIT,2024-06-02T00:15:00Z
TRX1026,34152,DEBIT,2024-06-02T00:30:00Z
TRX1027,70998,CREDIT,2024-06-02T00:45:00Z
TRX1028,8741,CREDIT,2024-06-02T01:00:00Z
TRX1029,3939,CREDIT,2024-06-02T01:15:00Z
TRX1030,21457,CREDIT,2024-06-02T01:30:00Z
TRX1031,93173,DEBIT,2024-06-02T01:45:00Z
TRX1032,50965,DEBIT,2024-06-02T02:00:00Z
TRX1033,35993,CREDIT,2024-06-02T02:15:00Z
TRX1034,78805,DEBIT,2024-06-02T02:30:00Z
TRX1035,17523,DEBIT,2024-06-02T02:45:00Z
TRX1036,51547,DEBIT,2024-06-02T03:00:00Z
TRX1037,78238,DEBIT,2024-06-02T03:15:00Z
TRX1038,99226,DEBIT,2024-06-02T03:30:00Z
TRX1039,97785,CREDIT,2024-06-02T03:45:00Z
TRX1040,45430,DEBIT,2024-06-02T04:00:00Z
TRX1041,38464,CREDIT,2024-06-02T04:15:00Z
TRX1042,21202,CREDIT,2024-06-02T04:30:00Z
TRX1043,3752,CREDIT,2024-06-02T04:45:00Z
TRX1044,42190,DEBIT,2024-06-02T05:00:00Z
TRX1045,82915,DEBIT,2024-06-02T05:15:00Z
TRX1046,6272,DEBIT,2024-06-02T05:30:00Z
TRX1047,88426,DEBIT,2024-06-02T05:45:00Z
TRX1048,33173,CREDIT,2024-06-02T06:00:00Z
TRX1049,67484,CREDIT,2024-06-02T06:15:00Z
TRX1050,32916,CREDIT,2024-06-02T06:30:00Z
TRX1051,95391,DEBIT,2024-06-02T06:45:00Z
TRX1052,47749,DEBIT,2024-06-02T07:00:00Z
TRX1053,37072,CREDIT,2024-06-02T07:15:00Z
TRX1054,83097,CREDIT,2024-06-02T07:30:00Z
TRX1055,74646,CREDIT,2024-06-02T07:45:00Z
TRX1056,51496,DEBIT,2024-06-01T08:00:00Z
TRX1057,23707,CREDIT,2024-06-01T08:15:00Z
TRX1058,43825,DEBIT,2024-06-01T08:30:00Z
TRX1059,9717,CREDIT,2024-06-01T08:45:00Z
TRX1060,16565,DEBIT,2024-06-01T09:00:00Z
TRX1061,52263,CREDIT,2024-06-01T09:15:00Z
TRX1062,33791,DEBIT,2024-06-01T09:30:00Z
TRX1063,90815,CREDIT,2024-06-01T09:45:00Z
TRX1064,71372,DEBIT,2024-06-01T10:00:00Z
TRX1065,77138,DEBIT,2024-06-01T10:15:00Z
TRX1066,49204,DEBIT,2024-06-01T10:30:00Z
TRX1067,50750,CREDIT,2024-06-01T10:45:00Z
TRX1068,59524,DEBIT,2024-06-01T11:00:00Z
TRX1069,93421,CREDIT,2024-06-01T11:15:00Z
TRX1070,31815,DEBIT,2024-06-01T11:30:00Z
TRX1071,62936,CREDIT,2024-06-01T11:45:00Z
TRX1072,51644,CREDIT,2024-06-01T12:00:00Z
TRX1073,99103,CREDIT,2024-06-01T12:15:00Z
TRX1074,78509,CREDIT,2024-06-01T12:30:00Z
TRX1075,15692,DEBIT,2024-06-01T12:45:00Z
TRX1076,39561,DEBIT,2024-06-01T13:00:00Z
TRX1077,36950,CREDIT,2024-06-01T13:15:00Z
TRX1078,35675,DEBIT,2024-06-01T13:30:00Z
TRX1079,95211,CREDIT,2024-06-01T13:45:00Z
TRX1080,87697,DEBIT,2024-06-01T14:00:00Z
TRX1081,26844,DEBIT,2024-06-01T14:15:00Z
TRX1082,69828,CREDIT,2024-06-01T14:30:00Z
TRX1083,4590,CREDIT,2024-06-01T14:45:00Z
TRX1084,74833,CREDIT,2024-06-01T15:00:00Z
TRX1085,10506,CREDIT,2024-06-01T15:15:00Z
TRX1086,11948,DEBIT,2024-06-01T15:30:00Z
TRX1087,36972,DEBIT,2024-06-01T15:45:00Z
TRX1088,39898,CREDIT,2024-06-01T16:00:00Z
TRX1089,29396,DEBIT,2024-06-01T16:15:00Z
TRX1090,90258,CREDIT,2024-06-01T16:30:00Z
TRX1091,92261,CREDIT,2024-06-01T16:45:00Z
TRX1092,60509,CREDIT,2024-06-01T17:00:00Z
TRX1093,3016,DEBIT,2024-06-01T17:15:00Z
TRX1094,1008,CREDIT,2024-06-01T17:30:00Z
TRX1095,50121,CREDIT,2024-06-01T17:45:00Z
TRX1096,85493,CREDIT,2024-06-01T18:00:00Z
TRX1097,69723,CREDIT,2024-06-01T18:15:00Z
TRX1098,8586,DEBIT,2024-06-01T18:30:00Z
TRX1099,33800,CREDIT,2024-06-01T18:45:00Z
TRX1100,73967,DEBIT,2024-06-01T19:00:00Z
TRX1101,89899,DEBIT,2024-06-01T19:15:00Z
TRX1102,37218,DEBIT,2024-06-01T19:30:00Z
TRX1103,36848,CREDIT,2024-06-01T19:45:00Z
TRX1104,9391,CREDIT,2024-06-01T20:00:00Z
TRX1105,45477,CREDIT,2024-06-01T20:15:00Z
TRX1106,82667,CREDIT,2024-06-01T20:30:00Z
TRX1107,56658,DEBIT,2024-06-01T20:45:00Z
TRX1108,67811,CREDIT,2024-06-01T21:00:00Z
TRX1109,11617,CREDIT,2024-06-01T21:15:00Z
TRX1110,59419,DEBIT,2024-06-01T21:30:00Z
TRX1111,37916,CREDIT,2024-06-01T21:45:00Z
TRX1112,75447,DEBIT,2024-06-01T22:00:00Z
TRX1113,33852,DEBIT,2024-06-01T22:15:00Z
TRX1114,53490,DEBIT,2024-06-01T22:30:00Z
TRX1115,49205,DEBIT,2024-06-01T22:45:00Z
TRX1116,32469,DEBIT,2024-06-01T23:00:00Z
TRX1117,13586,DEBIT,2024-06-01T23:15:00Z
TRX1118,60447,DEBIT,2024-06-01T23:30:00Z
TRX1119,56420,DEBIT,2024-06-01T23:45:00Z
TRX1120,20533,DEBIT,2024-06-02T00:00:00Z
TRX1121,57468,CREDIT,2024-06-02T00:15:00Z
TRX1122,60182,CREDIT,2024-06-02T00:30:00Z
TRX1123,55617,CREDIT,2024-06-02T00:45:00Z
TRX1124,50511,DEBIT,2024-06-02T01:00:00Z
TRX1125,23961,DEBIT,2024-06-02T01:15:00Z
TRX1126,12339,CREDIT,2024-06-02T01:30:00Z
TRX1127,62390,DEBIT,2024-06-02T01:45:00Z
TRX1128,27010,CREDIT,2024-06-02T02:00:00Z
TRX1129,55087,DEBIT,2024-06-02T02:15:00Z
TRX1130,45983,CREDIT,2024-06-02T02:30:00Z
TRX1131,59494,CREDIT,2024-06-02T02:45:00Z
TRX1132,88880,DEBIT,2024-06-02T03:00:00Z
TRX1133,23766,DEBIT,2024-06-02T03:15:00Z
TRX1134,73219,CREDIT,2024-06-02T03:30:00Z
TRX1135,19766,DEBIT,2024-06-02T03:45:00Z
TRX1136,31822,DEBIT,2024-06-02T04:00:00Z
TRX1137,17881,CREDIT,2024-06-02T04:15:00Z
TRX1138,92779,CREDIT,2024-06-02T04:30:00Z
TRX1139,19979,DEBIT,2024-06-02T04:45:00Z
TRX1140,31920,CREDIT,2024-06-02T05:00:00Z
TRX1141,81975,CREDIT,2024-06-02T05:15:00Z
TRX1142,77374,CREDIT,2024-06-02T05:30:00Z
TRX1143,92710,CREDIT,2024-06-02T05:45:00Z
TRX1144,15715,DEBIT,2024-06-02T06:00:00Z
TRX1145,41405,DEBIT,2024-06-02T06:15:00Z
TRX1146,91331,DEBIT,2024-06-02T06:30:00Z
TRX1147,92484,DEBIT,2024-06-02T06:45:00Z
TRX1148,30691,CREDIT,2024-06-02T07:00:00Z
TRX1149,69607,DEBIT,2024-06-02T07:15:00Z
TRX1150,80650,DEBIT,2024-06-02T07:30:00Z
TRX1151,77929,CREDIT,2024-06-02T07:45:00Z
TRX1152,52431,DEBIT,2024-06-01T08:00:00Z
TRX1153,10384,CREDIT,2024-06-01T08:15:00Z
TRX1154,54051,CREDIT,2024-06-01T08:30:00Z
TRX1155,79848,DEBIT,2024-06-01T08:45:00Z
TRX1156,21679,DEBIT,2024-06-01T09:00:00Z
TRX1157,86829,CREDIT,2024-06-01T09:15:00Z
TRX1158,48028,DEBIT,2024-06-01T09:30:00Z
TRX1159,39603,CREDIT,2024-06-01T09:45:00Z
TRX1160,25406,CREDIT,2024-06-01T10:00:00Z
TRX1161,58922,DEBIT,2024-06-01T10:15:00Z
TRX1162,58423,CREDIT,2024-06-01T10:30:00Z
TRX1163,38876,CREDIT,2024-06-01T10:45:00Z
TRX1164,29293,CREDIT,2024-06-01T11:00:00Z
TRX1165,68514,CREDIT,2024-06-01T11:15:00Z
TRX1166,80438,CREDIT,2024-06-01T11:30:00Z
TRX1167,72784,DEBIT,2024-06-01T11:45:00Z
TRX1168,58750,DEBIT,2024-06-01T12:00:00Z
TRX1169,13130,DEBIT,2024-06-01T12:15:00Z
TRX1170,78546,DEBIT,2024-06-01T12:30:00Z
TRX1171,76531,DEBIT,2024-06-01T12:45:00Z
TRX1172,15892,DEBIT,2024-06-01T13:00:00Z
TRX1173,50423,DEBIT,2024-06-01T13:15:00Z
TRX1174,54761,CREDIT,2024-06-01T13:30:00Z
TRX1175,33461,DEBIT,2024-06-01T13:45:00Z
TRX1176,15217,DEBIT,2024-06-01T14:00:00Z
TRX1177,34949,CREDIT,2024-06-01T14:15:00Z
TRX1178,44462,CREDIT,2024-06-01T14:30:00Z
TRX1179,82685,CREDIT,2024-06-01T14:45:00Z
TRX1180,2560,DEBIT,2024-06-01T15:00:00Z
TRX1181,92798,CREDIT,2024-06-01T15:15:00Z
TRX1182,65715,CREDIT,2024-06-01T15:30:00Z
TRX1183,43664,CREDIT,2024-06-01T15:45:00Z
TRX1184,22235,CREDIT,2024-06-01T16:00:00Z
TRX1185,82582,CREDIT,2024-06-01T16:15:00Z
TRX1186,47592,DEBIT,2024-06-01T16:30:00Z
TRX1187,73203,CREDIT,2024-06-01T16:45:00Z
TRX1188,96916,DEBIT,2024-06-01T17:00:00Z
TRX1189,51544,DEBIT,2024-06-01T17:15:00Z
TRX1190,49115,CREDIT,2024-06-01T17:30:00Z
TRX1191,71795,DEBIT,2024-06-01T17:45:00Z
TRX1192,10219,CREDIT,2024-06-01T18:00:00Z
TRX1193,29655,CREDIT,2024-06-01T18:15:00Z
TRX1194,93172,DEBIT,2024-06-01T18:30:00Z
TRX1195,64382,DEBIT,2024-06-01T18:45:00Z
TRX1196,23344,DEBIT,2024-06-01T19:00:00Z
TRX1197,5544,CREDIT,2024-06-01T19:15:00Z
TRX1198,91484,CREDIT,2024-06-01T19:30:00Z
TRX1199,52415,CREDIT,2024-06-01T19:45:00Z
TRX1200,66077,CREDIT,2024-06-01T20:00:00Z
TRX1201,95229,DEBIT,2024-06-01T20:15:00Z
TRX1202,83270,DEBIT,2024-06-01T20:30:00Z
TRX1203,56513,DEBIT,2024-06-01T20:45:00Z
TRX1204,57909,DEBIT,2024-06-01T21:00:00Z
TRX1205,69420,DEBIT,2024-06-01T21:15:00Z
TRX1206,38360,DEBIT,2024-06-01T21:30:00Z
TRX1207,85805,DEBIT,2024-06-01T21:45:00Z
TRX1208,34834,DEBIT,2024-06-01T22:00:00Z
TRX1209,18917,CREDIT,2024-06-01T22:15:00Z
TRX1210,3187,CREDIT,2024-06-01T22:30:00Z
TRX1211,96507,CREDIT,2024-06-01T22:45:00Z
TRX1212,80111,DEBIT,2024-06-01T23:00:00Z
TRX1213,42243,DEBIT,2024-06-01T23:15:00Z
TRX1214,97066,CREDIT,2024-06-01T23:30:00Z
TRX1215,35790,DEBIT,2024-06-01T23:45:00Z
TRX1216,33155,DEBIT,2024-06-02T00:00:00Z
TRX1217,85122,DEBIT,2024-06-02T00:15:00Z
TRX1218,46222,CREDIT,2024-06-02T00:30:00Z
TRX1219,2885,CREDIT,2024-06-02T00:45:00Z
TRX1220,27108,DEBIT,2024-06-02T01:00:00Z
TRX1221,37519,CREDIT,2024-06-02T01:15:00Z
TRX1222,28770,DEBIT,2024-06-02T01:30:00Z
TRX1223,56727,DEBIT,2024-06-02T01:45:00Z
TRX1224,39066,DEBIT,2024-06-02T02:00:00Z
TRX1225,12034,CREDIT,2024-06-02T02:15:00Z
TRX1226,17246,CREDIT,2024-06-02T02:30:00Z
TRX1227,21878,DEBIT,2024-06-02T02:45:00Z
TRX1228,67037,CREDIT,2024-06-02T03:00:00Z
TRX1229,96078,DEBIT,2024-06-02T03:15:00Z
TRX1230,19144,CREDIT,2024-06-02T03:30:00Z
TRX1231,53906,CREDIT,2024-06-02T03:45:00Z
TRX1232,66374,DEBIT,2024-06-02T04:00:00Z
TRX1233,3523,CREDIT,2024-06-02T04:15:00Z
TRX1234,50721,DEBIT,2024-06-02T04:30:00Z
TRX1235,91308,DEBIT,2024-06-02T04:45:00Z
TRX1236,69627,DEBIT,2024-06-02T05:00:00Z
TRX1237,36236,DEBIT,2024-06-02T05:15:00Z
TRX1238,39017,DEBIT,2024-06-02T05:30:00Z
TRX1239,21577,CREDIT,2024-06-02T05:45:00Z
TRX1240,44422,DEBIT,2024-06-02T06:00:00Z
TRX1241,22581,CREDIT,2024-06-02T06:15:00Z
TRX1242,3161,CREDIT,2024-06-02T06:30:00Z
TRX1243,47697,DEBIT,2024-06-02T06:45:00Z
TRX1244,21807,CREDIT,2024-06-02T07:00:00Z
TRX1245,40705,CREDIT,2024-06-02T07:15:00Z
TRX1246,98201,DEBIT,2024-06-02T07:30:00Z
TRX1247,97637,CREDIT,2024-06-02T07:45:00Z
TRX1248,26679,DEBIT,2024-06-01T08:00:00Z
TRX1249,95124,DEBIT,2024-06-01T08:15:00Z
TRX1250,21788,DEBIT,2024-06-01T08:30:00Z
TRX1251,68499,CREDIT,2024-06-01T08:45:00Z
TRX1252,73338,CREDIT,2024-06-01T09:00:00Z
TRX1253,75611,CREDIT,2024-06-01T09:15:00Z
TRX1254,52093,DEBIT,2024-06-01T09:30:00Z
TRX1255,94768,CREDIT,2024-06-01T09:45:00Z
TRX1256,90579,DEBIT,2024-06-01T10:00:00Z
TRX1257,18542,CREDIT,2024-06-01T10:15:00Z
TRX1258,11748,DEBIT,2024-06-01T10:30:00Z
TRX1259,44465,CREDIT,2024-06-01T10:45:00Z
TRX1260,23175,CREDIT,2024-06-01T11:00:00Z
TRX1261,99247,DEBIT,2024-06-01T11:15:00Z
TRX1262,56853,DEBIT,2024-06-01T11:30:00Z
TRX1263,68011,DEBIT,2024-06-01T11:45:00Z
TRX1264,90302,CREDIT,2024-06-01T12:00:00Z
TRX1265,57685,CREDIT,2024-06-01T12:15:00Z
TRX1266,72963,DEBIT,2024-06-01T12:30:00Z
TRX1267,77627,DEBIT,2024-06-01T12:45:00Z
TRX1268,52020,DEBIT,2024-06-01T13:00:00Z
TRX1269,55569,CREDIT,2024-06-01T13:15:00Z
TRX1270,2527,DEBIT,2024-06-01T13:30:00Z
TRX1271,97412,CREDIT,2024-06-01T13:45:00Z
TRX1272,15260,CREDIT,2024-06-01T14:00:00Z
TRX1273,3766,CREDIT,2024-06-01T14:15:00Z
TRX1274,82849,DEBIT,2024-06-01T14:30:00Z
TRX1275,12464,CREDIT,2024-06-01T14:45:00Z
TRX1276,83147,CREDIT,2024-06-01T15:00:00Z
TRX1277,41208,DEBIT,2024-06-01T15:15:00Z
TRX1278,73745,CREDIT,2024-06-01T15:30:00Z
TRX1279,97890,CREDIT,2024-06-01T15:45:00Z
TRX1280,28352,DEBIT,2024-06-01T16:00:00Z
TRX1281,60962,CREDIT,2024-06-01T16:15:00Z
TRX1282,73042,CREDIT,2024-06-01T16:30:00Z
TRX1283,3378,CREDIT,2024-06-01T16:45:00Z
TRX1284,54456,CREDIT,2024-06-01T17:00:00Z
TRX1285,28633,DEBIT,2024-06-01T17:15:00Z
TRX1286,11366,CREDIT,2024-06-01T17:30:00Z
TRX1287,48793,CREDIT,2024-06-01T17:45:00Z
TRX1288,77838,CREDIT,2024-06-01T18:00:00Z
TRX1289,64245,DEBIT,2024-06-01T18:15:00Z
TRX1290,98750,CREDIT,2024-06-01T18:30:00Z
TRX1291,21098,CREDIT,2024-06-01T18:45:00Z
TRX1292,61383,CREDIT,2024-06-01T19:00:00Z
TRX1293,70073,DEBIT,2024-06-01T19:15:00Z
TRX1294,73648,CREDIT,2024-06-01T19:30:00Z
TRX1295,26045,CREDIT,2024-06-01T19:45:00Z
TRX1296,58404,CREDIT,2024-06-01T20:00:00Z
TRX1297,82871,DEBIT,2024-06-01T20:15:00Z
TRX1298,89677,CREDIT,2024-06-01T20:30:00Z
TRX1299,90198,CREDIT,2024-06-01T20:45:00Z
TRX1300,3883,CREDIT,2024-06-01T21:00:00Z
TRX1301,12865,CREDIT,2024-06-01T21:15:00Z
TRX1302,1262,CREDIT,2024-06-01T21:30:00Z
TRX1303,83349,DEBIT,2024-06-01T21:45:00Z
TRX1304,59438,DEBIT,2024-06-01T22:00:00Z
TRX1305,46346,DEBIT,2024-06-01T22:15:00Z
TRX1306,18360,DEBIT,2024-06-01T22:30:00Z
TRX1307,94357,DEBIT,2024-06-01T22:45:00Z
TRX1308,86011,CREDIT,2024-06-01T23:00:00Z
TRX1309,86851,DEBIT,2024-06-01T23:15:00Z
TRX1310,60451,CREDIT,2024-06-01T23:30:00Z
TRX1311,73410,DEBIT,2024-06-01T23:45:00Z
TRX1312,44088,CREDIT,2024-06-02T00:00:00Z
TRX1313,40814,CREDIT,2024-06-02T00:15:00Z
TRX1314,93252,DEBIT,2024-06-02T00:30:00Z
TRX1315,62180,DEBIT,2024-06-02T00:45:00Z
TRX1316,3061,CREDIT,2024-06-02T01:00:00Z
TRX1317,11683,DEBIT,2024-06-02T01:15:00Z
TRX1318,59197,CREDIT,2024-06-02T01:30:00Z
TRX1319,48226,DEBIT,2024-06-02T01:45:00Z
TRX1320,99047,CREDIT,2024-06-02T02:00:00Z
TRX1321,82860,CREDIT,2024-06-02T02:15:00Z
TRX1322,55380,CREDIT,2024-06-02T02:30:00Z
TRX1323,2116,CREDIT,2024-06-02T02:45:00Z
TRX1324,84780,DEBIT,2024-06-02T03:00:00Z
TRX1325,70598,DEBIT,2024-06-02T03:15:00Z
TRX1326,62803,DEBIT,2024-06-02T03:30:00Z
TRX1327,97613,DEBIT,2024-06-02T03:45:00Z
TRX1328,9397,DEBIT,2024-06-02T04:00:00Z
TRX1329,61542,DEBIT,2024-06-02T04:15:00Z
TRX1330,71411,DEBIT,2024-06-02T04:30:00Z
TRX1331,59719,CREDIT,2024-06-02T04:45:00Z
TRX1332,83459,DEBIT,2024-06-02T05:00:00Z
TRX1333,12296,CREDIT,2024-06-02T05:15:00Z
TRX1334,52399,CREDIT,2024-06-02T05:30:00Z
TRX1335,99341,DEBIT,2024-06-02T05:45:00Z
TRX1336,54356,CREDIT,2024-06-02T06:00:00Z
TRX1337,43376,DEBIT,2024-06-02T06:15:00Z
TRX1338,48718,DEBIT,2024-06-02T06:30:00Z
TRX1339,25928,CREDIT,2024-06-02T06:45:00Z
TRX1340,49484,DEBIT,2024-06-02T07:00:00Z
TRX1341,16839,CREDIT,2024-06-02T07:15:00Z
TRX1342,52209,CREDIT,2024-06-02T07:30:00Z
TRX1343,28172,CREDIT,2024-06-02T07:45:00Z
TRX1344,9632,DEBIT,2024-06-01T08:00:00Z
TRX1345,50904,CREDIT,2024-06-01T08:15:00Z
TRX1346,74672,DEBIT,2024-06-01T08:30:00Z
TRX1347,74785,CREDIT,2024-06-01T08:45:00Z
TRX1348,55427,CREDIT,2024-06-01T09:00:00Z
TRX1349,75950,CREDIT,2024-06-01T09:15:00Z
TRX1350,95497,CREDIT,2024-06-01T09:30:00Z
TRX1351,2241,DEBIT,2024-06-01T09:45:00Z
TRX1352,98949,CREDIT,2024-06-01T10:00:00Z
TRX1353,83197,DEBIT,2024-06-01T10:15:00Z
TRX1354,44033,CREDIT,2024-06-01T10:30:00Z
TRX1355,35084,DEBIT,2024-06-01T10:45:00Z
TRX1356,30536,DEBIT,2024-06-01T11:00:00Z
TRX1357,40617,DEBIT,2024-06-01T11:15:00Z
TRX1358,8124,CREDIT,2024-06-01T11:30:00Z
TRX1359,67013,DEBIT,2024-06-01T11:45:00Z
TRX1360,47702,CREDIT,2024-06-01T12:00:00Z
TRX1361,64983,CREDIT,2024-06-01T12:15:00Z
TRX1362,24001,DEBIT,2024-06-01T12:30:00Z
TRX1363,26718,DEBIT,2024-06-01T12:45:00Z
TRX1364,55533,CREDIT,2024-06-01T13:00:00Z
TRX1365,61296,CREDIT,2024-06-01T13:15:00Z
TRX1366,43754,DEBIT,2024-06-01T13:30:00Z
TRX1367,26086,DEBIT,2024-06-01T13:45:00Z
TRX1368,22554,DEBIT,2024-06-01T14:00:00Z
TRX1369,98237,DEBIT,2024-06-01T14:15:00Z
TRX1370,18880,DEBIT,2024-06-01T14:30:00Z
TRX1371,34853,DEBIT,2024-06-01T14:45:00Z
TRX1372,77533,CREDIT,2024-06-01T15:00:00Z
TRX1373,18822,DEBIT,2024-06-01T15:15:00Z
TRX1374,12090,DEBIT,2024-06-01T15:30:00Z
TRX1375,16426,DEBIT,2024-06-01T15:45:00Z
TRX1376,99228,DEBIT,2024-06-01T16:00:00Z
TRX1377,24448,CREDIT,2024-06-01T16:15:00Z
TRX1378,47272,CREDIT,2024-06-01T16:30:00Z
TRX1379,38462,CREDIT,2024-06-01T16:45:00Z
TRX1380,4256,CREDIT,2024-06-01T17:00:00Z
TRX1381,80373,DEBIT,2024-06-01T17:15:00Z
TRX1382,48721,DEBIT,2024-06-01T17:30:00Z
TRX1383,89962,DEBIT,2024-06-01T17:45:00Z
TRX1384,15560,DEBIT,2024-06-01T18:00:00Z
TRX1385,37710,CREDIT,2024-06-01T18:15:00Z
TRX1386,48352,DEBIT,2024-06-01T18:30:00Z
TRX1387,32855,DEBIT,2024-06-01T18:45:00Z
TRX1388,10317,CREDIT,2024-06-01T19:00:00Z
TRX1389,94240,DEBIT,2024-06-01T19:15:00Z
TRX1390,34291,DEBIT,2024-06-01T19:30:00Z
TRX1391,70301,CREDIT,2024-06-01T19:45:00Z
TRX1392,49889,CREDIT,2024-06-01T20:00:00Z
TRX1393,74237,DEBIT,2024-06-01T20:15:00Z
TRX1394,63423,CREDIT,2024-06-01T20:30:00Z
TRX1395,27694,CREDIT,2024-06-01T20:45:00Z
TRX1396,67257,CREDIT,2024-06-01T21:00:00Z
TRX1397,36562,CREDIT,2024-06-01T21:15:00Z
TRX1398,10846,DEBIT,2024-06-01T21:30:00Z
TRX1399,82485,CREDIT,2024-06-01T21:45:00Z
TRX1400,96389,DEBIT,2024-06-01T22:00:00Z
TRX1401,80534,DEBIT,2024-06-01T22:15:00Z
TRX1402,71379,DEBIT,2024-06-01T22:30:00Z
TRX1403,1196,DEBIT,2024-06-01T22:45:00Z
TRX1404,34007,DEBIT,2024-06-01T23:00:00Z
TRX1405,6456,CREDIT,2024-06-01T23:15:00Z
TRX1406,92837,DEBIT,2024-06-01T23:30:00Z
TRX1407,82529,DEBIT,2024-06-01T23:45:00Z
TRX1408,37896,CREDIT,2024-06-02T00:00:00Z
TRX1409,19141,DEBIT,2024-06-02T00:15:00Z
TRX1410,12492,DEBIT,2024-06-02T00:30:00Z
TRX1411,81196,CREDIT,2024-06-02T00:45:00Z
TRX1412,35053,CREDIT,2024-06-02T01:00:00Z
TRX1413,13693,DEBIT,2024-06-02T01:15:00Z
TRX1414,21753,CREDIT,2024-06-02T01:30:00Z
TRX1415,78858,CREDIT,2024-06-02T01:45:00Z
TRX1416,33606,DEBIT,2024-06-02T02:00:00Z
TRX1417,49575,DEBIT,2024-06-02T02:15:00Z
TRX1418,81514,CREDIT,2024-06-02T02:30:00Z
TRX1419,65977,DEBIT,2024-06-02T02:45:00Z
TRX1420,95688,DEBIT,2024-06-02T03:00:00Z
TRX1421,57524,CREDIT,2024-06-02T03:15:00Z
TRX1422,4384,CREDIT,2024-06-02T03:30:00Z
TRX1423,78275,CREDIT,2024-06-02T03:45:00Z
TRX1424,55778,CREDIT,2024-06-02T04:00:00Z
TRX1425,58345,CREDIT,2024-06-02T04:15:00Z
TRX1426,62714,CREDIT,2024-06-02T04:30:00Z
TRX1427,71291,CREDIT,2024-06-02T04:45:00Z
TRX1428,28186,CREDIT,2024-06-02T05:00:00Z
TRX1429,11963,CREDIT,2024-06-02T05:15:00Z
TRX1430,58402,CREDIT,2024-06-02T05:30:00Z
TRX1431,90429,DEBIT,2024-06-02T05:45:00Z
TRX1432,14665,DEBIT,2024-06-02T06:00:00Z
TRX1433,65502,CREDIT,2024-06-02T06:15:00Z
TRX1434,85561,DEBIT,2024-06-02T06:30:00Z
TRX1435,40418,CREDIT,2024-06-02T06:45:00Z
TRX1436,50903,CREDIT,2024-06-02T07:00:00Z
TRX1437,56152,DEBIT,2024-06-02T07:15:00Z
TRX1438,20383,CREDIT,2024-06-02T07:30:00Z
TRX1439,74595,DEBIT,2024-06-02T07:45:00Z
TRX1440,16225,CREDIT,2024-06-01T08:00:00Z
TRX1441,86842,CREDIT,2024-06-01T08:15:00Z
TRX1442,36528,DEBIT,2024-06-01T08:30:00Z
TRX1443,53810,DEBIT,2024-06-01T08:45:00Z
TRX1444,17395,DEBIT,2024-06-01T09:00:00Z
TRX1445,93906,DEBIT,2024-06-01T09:15:00Z
TRX1446,18603,DEBIT,2024-06-01T09:30:00Z
TRX1447,26799,CREDIT,2024-06-01T09:45:00Z
TRX1448,2208,CREDIT,2024-06-01T10:00:00Z
TRX1449,27063,DEBIT,2024-06-01T10:15:00Z
TRX1450,95578,DEBIT,2024-06-01T10:30:00Z
TRX1451,9458,DEBIT,2024-06-01T10:45:00Z
TRX1452,86436,CREDIT,2024-06-01T11:00:00Z
TRX1453,38357,DEBIT,2024-06-01T11:15:00Z
TRX1454,71105,CREDIT,2024-06-01T11:30:00Z
TRX1455,33400,CREDIT,2024-06-01T11:45:00Z
TRX1456,16068,DEBIT,2024-06-01T12:00:00Z
TRX1457,46118,DEBIT,2024-06-01T12:15:00Z
TRX1458,83136,CREDIT,2024-06-01T12:30:00Z
TRX1459,35386,DEBIT,2024-06-01T12:45:00Z
TRX1460,24912,CREDIT,2024-06-01T13:00:00Z
TRX1461,59443,CREDIT,2024-06-01T13:15:00Z
TRX1462,19549,CREDIT,2024-06-01T13:30:00Z
TRX1463,61003,CREDIT,2024-06-01T13:45:00Z
TRX1464,26617,CREDIT,2024-06-01T14:00:00Z
TRX1465,76969,DEBIT,2024-06-01T14:15:00Z
TRX1466,91208,DEBIT,2024-06-01T14:30:00Z
TRX1467,85568,DEBIT,2024-06-01T14:45:00Z
TRX1468,1546,CREDIT,2024-06-01T15:00:00Z
TRX1469,59029,DEBIT,2024-06-01T15:15:00Z
TRX1470,14441,DEBIT,2024-06-01T15:30:00Z
TRX1471,64419,DEBIT,2024-06-01T15:45:00Z
TRX1472,74904,CREDIT,2024-06-01T16:00:00Z
TRX1473,13223,DEBIT,2024-06-01T16:15:00Z
TRX1474,83917,DEBIT,2024-06-01T16:30:00Z
TRX1475,51717,CREDIT,2024-06-01T16:45:00Z
TRX1476,15807,CREDIT,2024-06-01T17:00:00Z
TRX1477,75254,DEBIT,2024-06-01T17:15:00Z
TRX1478,8519,DEBIT,2024-06-01T17:30:00Z
TRX1479,63687,DEBIT,2024-06-01T17:45:00Z
TRX1480,35646,CREDIT,2024-06-01T18:00:00Z
TRX1481,97073,DEBIT,2024-06-01T18:15:00Z
TRX1482,88830,CREDIT,2024-06-01T18:30:00Z
TRX1483,62386,CREDIT,2024-06-01T18:45:00Z
TRX1484,39634,CREDIT,2024-06-01T19:00:00Z
TRX1485,32596,CREDIT,2024-06-01T19:15:00Z
TRX1486,29371,CREDIT,2024-06-01T19:30:00Z
TRX1487,48793,CREDIT,2024-06-01T19:45:00Z
TRX1488,44937,CREDIT,2024-06-01T20:00:00Z
TRX1489,33114,DEBIT,2024-06-01T20:15:00Z
TRX1490,79642,CREDIT,2024-06-01T20:30:00Z
TRX1491,10334,CREDIT,2024-06-01T20:45:00Z
TRX1492,40403,CREDIT,2024-06-01T21:00:00Z
TRX1493,39106,DEBIT,2024-06-01T21:15:00Z
TRX1494,78611,DEBIT,2024-06-01T21:30:00Z
TRX1495,69004,DEBIT,2024-06-01T21:45:00Z
TRX1496,94036,DEBIT,2024-06-01T22:00:00Z
TRX1497,13960,CREDIT,2024-06-01T22:15:00Z
TRX1498,54217,CREDIT,2024-06-01T22:30:00Z
TRX1499,65178,CREDIT,2024-06-01T22:45:00Z
TRX1500,55521,DEBIT,2024-06-01T23:00:00Z
TRX1501,48581,DEBIT,2024-06-01T23:15:00Z
TRX1502,98767,DEBIT,2024-06-01T23:30:00Z
TRX1503,99031,DEBIT,2024-06-01T23:45:00Z
TRX1504,99836,CREDIT,2024-06-02T00:00:00Z
TRX1505,94228,CREDIT,2024-06-02T00:15:00Z
TRX1506,17301,CREDIT,2024-06-02T00:30:00Z
TRX1507,71656,DEBIT,2024-06-02T00:45:00Z
TRX1508,62374,DEBIT,2024-06-02T01:00:00Z
TRX1509,97078,DEBIT,2024-06-02T01:15:00Z
TRX1510,32394,DEBIT,2024-06-02T01:30:00Z
TRX1511,3786,CREDIT,2024-06-02T01:45:00Z
TRX1512,65043,CREDIT,2024-06-02T02:00:00Z
TRX1513,22821,CREDIT,2024-06-02T02:15:00Z
TRX1514,42159,CREDIT,2024-06-02T02:30:00Z
TRX1515,52569,DEBIT,2024-06-02T02:45:00Z
TRX1516,35440,DEBIT,2024-06-02T03:00:00Z
TRX1517,95431,CREDIT,2024-06-02T03:15:00Z
TRX1518,29936,CREDIT,2024-06-02T03:30:00Z
TRX1519,69597,DEBIT,2024-06-02T03:45:00Z
TRX1520,57166,DEBIT,2024-06-02T04:00:00Z
TRX1521,64049,CREDIT,2024-06-02T04:15:00Z
TRX1522,43266,CREDIT,2024-06-02T04:30:00Z
TRX1523,20024,CREDIT,2024-06-02T04:45:00Z
TRX1524,8896,DEBIT,2024-06-02T05:00:00Z
TRX1525,80945,CREDIT,2024-06-02T05:15:00Z
TRX1526,98779,CREDIT,2024-06-02T05:30:00Z
TRX1527,48543,CREDIT,2024-06-02T05:45:00Z
TRX1528,99873,CREDIT,2024-06-02T06:00:00Z
TRX1529,4802,CREDIT,2024-06-02T06:15:00Z
TRX1530,76302,DEBIT,2024-06-02T06:30:00Z
TRX1531,59095,DEBIT,2024-06-02T06:45:00Z
TRX1532,94806,CREDIT,2024-06-02T07:00:00Z
TRX1533,41893,DEBIT,2024-06-02T07:15:00Z
TRX1534,61228,DEBIT,2024-06-02T07:30:00Z
TRX1535,61454,CREDIT,2024-06-02T07:45:00Z
TRX1536,87723,CREDIT,2024-06-01T08:00:00Z
TRX1537,51026,CREDIT,2024-06-01T08:15:00Z
TRX1538,47271,CREDIT,2024-06-01T08:30:00Z
TRX1539,26538,CREDIT,2024-06-01T08:45:00Z
TRX1540,18881,DEBIT,2024-06-01T09:00:00Z
TRX1541,35771,DEBIT,2024-06-01T09:15:00Z
TRX1542,68908,DEBIT,2024-06-01T09:30:00Z
TRX1543,90596,CREDIT,2024-06-01T09:45:00Z
TRX1544,60777,DEBIT,2024-06-01T10:00:00Z
TRX1545,26897,CREDIT,2024-06-01T10:15:00Z
TRX1546,21254,CREDIT,2024-06-01T10:30:00Z
TRX1547,48631,CREDIT,2024-06-01T10:45:00Z
TRX1548,26229,CREDIT,2024-06-01T11:00:00Z
TRX1549,10410,CREDIT,2024-06-01T11:15:00Z
TRX1550,61044,CREDIT,2024-06-01T11:30:00Z
TRX1551,32316,DEBIT,2024-06-01T11:45:00Z
TRX1552,80083,CREDIT,2024-06-01T12:00:00Z
TRX1553,39028,DEBIT,2024-06-01T12:15:00Z
TRX1554,16043,DEBIT,2024-06-01T12:30:00Z
TRX1555,41969,CREDIT,2024-06-01T12:45:00Z
TRX1556,83783,DEBIT,2024-06-01T13:00:00Z
TRX1557,94274,CREDIT,2024-06-01T13:15:00Z
TRX1558,62010,DEBIT,2024-06-01T13:30:00Z
TRX1559,63305,CREDIT,2024-06-01T13:45:00Z
TRX1560,71240,CREDIT,2024-06-01T14:00:00Z
TRX1561,90807,DEBIT,2024-06-01T14:15:00Z
TRX1562,5420,CREDIT,2024-06-01T14:30:00Z
TRX1563,25299,DEBIT,2024-06-01T14:45:00Z
TRX1564,69388,DEBIT,2024-06-01T15:00:00Z
TRX1565,55546,CREDIT,2024-06-01T15:15:00Z
TRX1566,94424,DEBIT,2024-06-01T15:30:00Z
TRX1567,15853,DEBIT,2024-06-01T15:45:00Z
TRX1568,58533,DEBIT,2024-06-01T16:00:00Z
TRX1569,45553,DEBIT,2024-06-01T16:15:00Z
TRX1570,88143,CREDIT,2024-06-01T16:30:00Z
TRX1571,96792,DEBIT,2024-06-01T16:45:00Z
TRX1572,94693,DEBIT,2024-06-01T17:00:00Z
TRX1573,2729,CREDIT,2024-06-01T17:15:00Z
TRX1574,61737,DEBIT,2024-06-01T17:30:00Z
TRX1575,84707,CREDIT,2024-06-01T17:45:00Z
TRX1576,41123,CREDIT,2024-06-01T18:00:00Z
TRX1577,61736,DEBIT,2024-06-01T18:15:00Z
TRX1578,25512,DEBIT,2024-06-01T18:30:00Z
TRX1579,40760,CREDIT,2024-06-01T18:45:00Z
TRX1580,56351,DEBIT,2024-06-01T19:00:00Z
TRX1581,94840,DEBIT,2024-06-01T19:15:00Z
TRX1582,62872,DEBIT,2024-06-01T19:30:00Z
TRX1583,19179,CREDIT,2024-06-01T19:45:00Z
TRX1584,87806,DEBIT,2024-06-01T20:00:00Z
TRX1585,3964,CREDIT,2024-06-01T20:15:00Z
TRX1586,62706,DEBIT,2024-06-01T20:30:00Z
TRX1587,92930,CREDIT,2024-06-01T20:45:00Z
TRX1588,51552,DEBIT,2024-06-01T21:00:00Z
TRX1589,44362,DEBIT,2024-06-01T21:15:00Z
TRX1590,72575,CREDIT,2024-06-01T21:30:00Z
TRX1591,78117,DEBIT,2024-06-01T21:45:00Z
TRX1592,85445,CREDIT,2024-06-01T22:00:00Z
TRX1593,42945,DEBIT,2024-06-01T22:15:00Z
TRX1594,17702,DEBIT,2024-06-01T22:30:00Z
TRX1595,34663,CREDIT,2024-06-01T22:45:00Z
TRX1596,38144,CREDIT,2024-06-01T23:00:00Z
TRX1597,95947,CREDIT,2024-06-01T23:15:00Z
TRX1598,40431,CREDIT,2024-06-01T23:30:00Z
TRX1599,33436,CREDIT,2024-06-01T23:45:00Z
TRX1600,28815,DEBIT,2024-06-02T00:00:00Z
TRX1601,19327,DEBIT,2024-06-02T00:15:00Z
TRX1602,19020,DEBIT,2024-06-02T00:30:00Z
TRX1603,25170,DEBIT,2024-06-02T00:45:00Z
TRX1604,1343,CREDIT,2024-06-02T01:00:00Z
TRX1605,76745,DEBIT,2024-06-02T01:15:00Z
TRX1606,49637,DEBIT,2024-06-02T01:30:00Z
TRX1607,75558,CREDIT,2024-06-02T01:45:00Z
TRX1608,13594,CREDIT,2024-06-02T02:00:00Z
TRX1609,40013,CREDIT,2024-06-02T02:15:00Z
TRX1610,9291,DEBIT,2024-06-02T02:30:00Z
TRX1611,32704,DEBIT,2024-06-02T02:45:00Z
TRX1612,37116,CREDIT,2024-06-02T03:00:00Z
TRX1613,39606,DEBIT,2024-06-02T03:15:00Z
TRX1614,97533,CREDIT,2024-06-02T03:30:00Z
TRX1615,98061,CREDIT,2024-06-02T03:45:00Z
TRX1616,70280,DEBIT,2024-06-02T04:00:00Z
TRX1617,93622,DEBIT,2024-06-02T04:15:00Z
TRX1618,39377,CREDIT,2024-06-02T04:30:00Z
TRX1619,7423,CREDIT,2024-06-02T04:45:00Z
TRX1620,20200,CREDIT,2024-06-02T05:00:00Z
TRX1621,24140,CREDIT,2024-06-02T05:15:00Z
TRX1622,59270,CREDIT,2024-06-02T05:30:00Z
TRX1623,30864,DEBIT,2024-06-02T05:45:00Z
TRX1624,7795,DEBIT,2024-06-02T06:00:00Z
TRX1625,30481,CREDIT,2024-06-02T06:15:00Z
TRX1626,41523,DEBIT,2024-06-02T06:30:00Z
TRX1627,90961,CREDIT,2024-06-02T06:45:00Z
TRX1628,37865,DEBIT,2024-06-02T07:00:00Z
TRX1629,44053,DEBIT,2024-06-02T07:15:00Z
TRX1630,14495,CREDIT,2024-06-02T07:30:00Z
TRX1631,16721,DEBIT,2024-06-02T07:45:00Z
TRX1632,35294,DEBIT,2024-06-01T08:00:00Z
TRX1633,10577,CREDIT,2024-06-01T08:15:00Z
TRX1634,24642,CREDIT,2024-06-01T08:30:00Z
TRX1635,80211,DEBIT,2024-06-01T08:45:00Z
TRX1636,4181,DEBIT,2024-06-01T09:00:00Z
TRX1637,96195,CREDIT,2024-06-01T09:15:00Z
TRX1638,22396,CREDIT,2024-06-01T09:30:00Z
TRX1639,22649,DEBIT,2024-06-01T09:45:00Z
TRX1640,89591,DEBIT,2024-06-01T10:00:00Z
TRX1641,59624,DEBIT,2024-06-01T10:15:00Z
TRX1642,97382,CREDIT,2024-06-01T10:30:00Z
TRX1643,29476,CREDIT,2024-06-01T10:45:00Z
TRX1644,86090,CREDIT,2024-06-01T11:00:00Z
TRX1645,94493,CREDIT,2024-06-01T11:15:00Z
TRX1646,9558,DEBIT,2024-06-01T11:30:00Z
TRX1647,94096,DEBIT,2024-06-01T11:45:00Z
TRX1648,1328,DEBIT,2024-06-01T12:00:00Z
TRX1649,89922,DEBIT,2024-06-01T12:15:00Z
TRX1650,98696,DEBIT,2024-06-01T12:30:00Z
TRX1651,62512,DEBIT,2024-06-01T12:45:00Z
TRX1652,79178,DEBIT,2024-06-01T13:00:00Z
TRX1653,95597,CREDIT,2024-06-01T13:15:00Z
TRX1654,99592,CREDIT,2024-06-01T13:30:00Z
TRX1655,56998,CREDIT,2024-06-01T13:45:00Z
TRX1656,2682,DEBIT,2024-06-01T14:00:00Z
TRX1657,18961,DEBIT,2024-06-01T14:15:00Z
TRX1658,22846,DEBIT,2024-06-01T14:30:00Z
TRX1659,7225,DEBIT,2024-06-01T14:45:00Z
TRX1660,82633,DEBIT,2024-06-01T15:00:00Z
TRX1661,1591,DEBIT,2024-06-01T15:15:00Z
TRX1662,63656,CREDIT,2024-06-01T15:30:00Z
TRX1663,80002,CREDIT,2024-06-01T15:45:00Z
TRX1664,98830,CREDIT,2024-06-01T16:00:00Z
TRX1665,32699,CREDIT,2024-06-01T16:15:00Z
TRX1666,10316,DEBIT,2024-06-01T16:30:00Z
TRX1667,24749,CREDIT,2024-06-01T16:45:00Z
TRX1668,57369,DEBIT,2024-06-01T17:00:00Z
TRX1669,82401,CREDIT,2024-06-01T17:15:00Z
TRX1670,87783,CREDIT,2024-06-01T17:30:00Z
TRX1671,3326,CREDIT,2024-06-01T17:45:00Z
TRX1672,7953,CREDIT,2024-06-01T18:00:00Z
TRX1673,49437,CREDIT,2024-06-01T18:15:00Z
TRX1674,90317,DEBIT,2024-06-01T18:30:00Z
TRX1675,22143,DEBIT,2024-06-01T18:45:00Z
TRX1676,11505,DEBIT,2024-06-01T19:00:00Z
TRX1677,73792,CREDIT,2024-06-01T19:15:00Z
TRX1678,65605,DEBIT,2024-06-01T19:30:00Z
TRX1679,81096,DEBIT,2024-06-01T19:45:00Z
TRX1680,18148,DEBIT,2024-06-01T20:00:00Z
TRX1681,1426,CREDIT,2024-06-01T20:15:00Z
TRX1682,13461,DEBIT,2024-06-01T20:30:00Z
TRX1683,65593,DEBIT,2024-06-01T20:45:00Z
TRX1684,95786,CREDIT,2024-06-01T21:00:00Z
TRX1685,73893,CREDIT,2024-06-01T21:15:00Z
TRX1686,39743,DEBIT,2024-06-01T21:30:00Z
TRX1687,97550,CREDIT,2024-06-01T21:45:00Z
TRX1688,22947,DEBIT,2024-06-01T22:00:00Z
TRX1689,90596,CREDIT,2024-06-01T22:15:00Z
TRX1690,33432,DEBIT,2024-06-01T22:30:00Z
TRX1691,25686,DEBIT,2024-06-01T22:45:00Z
TRX1692,26060,DEBIT,2024-06-01T23:00:00Z
TRX1693,35222,CREDIT,2024-06-01T23:15:00Z
TRX1694,85835,DEBIT,2024-06-01T23:30:00Z
TRX1695,44129,DEBIT,2024-06-01T23:45:00Z
TRX1696,2873,CREDIT,2024-06-02T00:00:00Z
TRX1697,88992,DEBIT,2024-06-02T00:15:00Z
TRX1698,41604,CREDIT,2024-06-02T00:30:00Z
TRX1699,41926,CREDIT,2024-06-02T00:45:00Z
TRX1700,66199,DEBIT,2024-06-02T01:00:00Z
TRX1701,85756,CREDIT,2024-06-02T01:15:00Z
TRX1702,82797,DEBIT,2024-06-02T01:30:00Z
TRX1703,74454,DEBIT,2024-06-02T01:45:00Z
TRX1704,4989,DEBIT,2024-06-02T02:00:00Z
TRX1705,75615,DEBIT,2024-06-02T02:15:00Z
TRX1706,68067,DEBIT,2024-06-02T02:30:00Z
TRX1707,63430,DEBIT,2024-06-02T02:45:00Z
TRX1708,62354,CREDIT,2024-06-02T03:00:00Z
TRX1709,99904,CREDIT,2024-06-02T03:15:00Z
TRX1710,59613,DEBIT,2024-06-02T03:30:00Z
TRX1711,56095,CREDIT,2024-06-02T03:45:00Z
TRX1712,8675,CREDIT,2024-06-02T04:00:00Z
TRX1713,54870,CREDIT,2024-06-02T04:15:00Z
TRX1714,5843,DEBIT,2024-06-02T04:30:00Z
TRX1715,13246,DEBIT,2024-06-02T04:45:00Z
TRX1716,79715,CREDIT,2024-06-02T05:00:00Z
TRX1717,61461,DEBIT,2024-06-02T05:15:00Z
TRX1718,78206,CREDIT,2024-06-02T05:30:00Z
TRX1719,90875,DEBIT,2024-06-02T05:45:00Z
TRX1720,98390,CREDIT,2024-06-02T06:00:00Z
TRX1721,90880,CREDIT,2024-06-02T06:15:00Z
TRX1722,82115,DEBIT,2024-06-02T06:30:00Z
TRX1723,59129,DEBIT,2024-06-02T06:45:00Z
TRX1724,34756,DEBIT,2024-06-02T07:00:00Z
TRX1725,23089,DEBIT,2024-06-02T07:15:00Z
TRX1726,2974,CREDIT,2024-06-02T07:30:00Z
TRX1727,45200,DEBIT,2024-06-02T07:45:00Z
TRX1728,15185,DEBIT,2024-06-01T08:00:00Z
TRX1729,97862,DEBIT,2024-06-01T08:15:00Z
TRX1730,88765,CREDIT,2024-06-01T08:30:00Z
TRX1731,87935,CREDIT,2024-06-01T08:45:00Z
TRX1732,98751,CREDIT,2024-06-01T09:00:00Z
TRX1733,56517,CREDIT,2024-06-01T09:15:00Z
TRX1734,54723,DEBIT,2024-06-01T09:30:00Z
TRX1735,67924,CREDIT,2024-06-01T09:45:00Z
TRX1736,65882,CREDIT,2024-06-01T10:00:00Z
TRX1737,79480,CREDIT,2024-06-01T10:15:00Z
TRX1738,70137,DEBIT,2024-06-01T10:30:00Z
TRX1739,71114,CREDIT,2024-06-01T10:45:00Z
TRX1740,77794,DEBIT,2024-06-01T11:00:00Z
TRX1741,17566,DEBIT,2024-06-01T11:15:00Z
TRX1742,10615,DEBIT,2024-06-01T11:30:00Z
TRX1743,12131,CREDIT,2024-06-01T11:45:00Z
TRX1744,68854,DEBIT,2024-06-01T12:00:00Z
TRX1745,40473,CREDIT,2024-06-01T12:15:00Z
TRX1746,30435,CREDIT,2024-06-01T12:30:00Z
TRX1747,3258,CREDIT,2024-06-01T12:45:00Z
TRX1748,92274,DEBIT,2024-06-01T13:00:00Z
TRX1749,30890,CREDIT,2024-06-01T13:15:00Z
TRX1750,8538,DEBIT,2024-06-01T13:30:00Z
TRX1751,19891,DEBIT,2024-06-01T13:45:00Z
TRX1752,94605,CREDIT,2024-06-01T14:00:00Z
TRX1753,68271,CREDIT,2024-06-01T14:15:00Z
TRX1754,6791,DEBIT,2024-06-01T14:30:00Z
TRX1755,64559,CREDIT,2024-06-01T14:45:00Z
TRX1756,92756,CREDIT,2024-06-01T15:00:00Z
TRX1757,68053,DEBIT,2024-06-01T15:15:00Z
TRX1758,73931,DEBIT,2024-06-01T15:30:00Z
TRX1759,12772,DEBIT,2024-06-01T15:45:00Z
TRX1760,40671,DEBIT,2024-06-01T16:00:00Z
TRX1761,86887,CREDIT,2024-06-01T16:15:00Z
TRX1762,11036,DEBIT,2024-06-01T16:30:00Z
TRX1763,28668,DEBIT,2024-06-01T16:45:00Z
TRX1764,4601,DEBIT,2024-06-01T17:00:00Z
TRX1765,62852,CREDIT,2024-06-01T17:15:00Z
TRX1766,99466,CREDIT,2024-06-01T17:30:00Z
TRX1767,68983,CREDIT,2024-06-01T17:45:00Z
TRX1768,51869,DEBIT,2024-06-01T18:00:00Z
TRX1769,80246,DEBIT,2024-06-01T18:15:00Z
TRX1770,99090,CREDIT,2024-06-01T18:30:00Z
TRX1771,95318,DEBIT,2024-06-01T18:45:00Z
TRX1772,63486,CREDIT,2024-06-01T19:00:00Z
TRX1773,59862,DEBIT,2024-06-01T19:15:00Z
TRX1774,17958,DEBIT,2024-06-01T19:30:00Z
TRX1775,79137,CREDIT,2024-06-01T19:45:00Z
TRX1776,38135,DEBIT,2024-06-01T20:00:00Z
TRX1777,65158,CREDIT,2024-06-01T20:15:00Z
TRX1778,23549,CREDIT,2024-06-01T20:30:00Z
TRX1779,26854,DEBIT,2024-06-01T20:45:00Z
TRX1780,98270,DEBIT,2024-06-01T21:00:00Z
TRX1781,87684,DEBIT,2024-06-01T21:15:00Z
TRX1782,98239,DEBIT,2024-06-01T21:30:00Z
TRX1783,6261,CREDIT,2024-06-01T21:45:00Z
TRX1784,11040,CREDIT,2024-06-01T22:00:00Z
TRX1785,39769,DEBIT,2024-06-01T22:15:00Z
TRX1786,37304,CREDIT,2024-06-01T22:30:00Z
TRX1787,42689,CREDIT,2024-06-01T22:45:00Z
TRX1788,53709,CREDIT,2024-06-01T23:00:00Z
TRX1789,11469,DEBIT,2024-06-01T23:15:00Z
TRX1790,29113,CREDIT,2024-06-01T23:30:00Z
TRX1791,24826,CREDIT,2024-06-01T23:45:00Z
TRX1792,76378,CREDIT,2024-06-02T00:00:00Z
TRX1793,73896,DEBIT,2024-06-02T00:15:00Z
TRX1794,94003,CREDIT,2024-06-02T00:30:00Z
TRX1795,62480,DEBIT,2024-06-02T00:45:00Z
TRX1796,45528,CREDIT,2024-06-02T01:00:00Z
TRX1797,50327,DEBIT,2024-06-02T01:15:00Z
TRX1798,49732,CREDIT,2024-06-02T01:30:00Z
TRX1799,72174,DEBIT,2024-06-02T01:45:00Z
TRX1800,29290,DEBIT,2024-06-02T02:00:00Z
TRX1801,42278,DEBIT,2024-06-02T02:15:00Z
TRX1802,51232,CREDIT,2024-06-02T02:30:00Z
TRX1803,70926,DEBIT,2024-06-02T02:45:00Z
TRX1804,44004,CREDIT,2024-06-02T03:00:00Z
TRX1805,40005,CREDIT,2024-06-02T03:15:00Z
TRX1806,93356,CREDIT,2024-06-02T03:30:00Z
TRX1807,95915,CREDIT,2024-06-02T03:45:00Z
TRX1808,23870,CREDIT,2024-06-02T04:00:00Z
TRX1809,63990,DEBIT,2024-06-02T04:15:00Z
TRX1810,51247,DEBIT,2024-06-02T04:30:00Z
TRX1811,77977,DEBIT,2024-06-02T04:45:00Z
TRX1812,26256,DEBIT,2024-06-02T05:00:00Z
TRX1813,83394,CREDIT,2024-06-02T05:15:00Z
TRX1814,7950,DEBIT,2024-06-02T05:30:00Z
TRX1815,93927,CREDIT,2024-06-02T05:45:00Z
TRX1816,13786,CREDIT,2024-06-02T06:00:00Z
TRX1817,63255,DEBIT,2024-06-02T06:15:00Z
TRX1818,55824,DEBIT,2024-06-02T06:30:00Z
TRX1819,15256,CREDIT,2024-06-02T06:45:00Z
TRX1820,15351,CREDIT,2024-06-02T07:00:00Z
TRX1821,83157,DEBIT,2024-06-02T07:15:00Z
TRX1822,20442,DEBIT,2024-06-02T07:30:00Z
TRX1823,20165,CREDIT,2024-06-02T07:45:00Z
TRX1824,69408,DEBIT,2024-06-01T08:00:00Z
TRX1825,14284,CREDIT,2024-06-01T08:15:00Z
TRX1826,63744,CREDIT,2024-06-01T08:30:00Z
TRX1827,88226,CREDIT,2024-06-01T08:45:00Z
TRX1828,28248,DEBIT,2024-06-01T09:00:00Z
TRX1829,85270,DEBIT,2024-06-01T09:15:00Z
TRX1830,90817,DEBIT,2024-06-01T09:30:00Z
TRX1831,45062,DEBIT,2024-06-01T09:45:00Z
TRX1832,18137,CREDIT,2024-06-01T10:00:00Z
TRX1833,19237,CREDIT,2024-06-01T10:15:00Z
TRX1834,61178,CREDIT,2024-06-01T10:30:00Z
TRX1835,85698,DEBIT,2024-06-01T10:45:00Z
TRX1836,76124,CREDIT,2024-06-01T11:00:00Z
TRX1837,72337,CREDIT,2024-06-01T11:15:00Z
TRX1838,65596,DEBIT,2024-06-01T11:30:00Z
TRX1839,52914,DEBIT,2024-06-01T11:45:00Z
TRX1840,87576,CREDIT,2024-06-01T12:00:00Z
TRX1841,73346,DEBIT,2024-06-01T12:15:00Z
TRX1842,25564,DEBIT,2024-06-01T12:30:00Z
TRX1843,46672,CREDIT,2024-06-01T12:45:00Z
TRX1844,45022,CREDIT,2024-06-01T13:00:00Z
TRX1845,81682,CREDIT,2024-06-01T13:15:00Z
TRX1846,40058,DEBIT,2024-06-01T13:30:00Z
TRX1847,65826,DEBIT,2024-06-01T13:45:00Z
TRX1848,91663,CREDIT,2024-06-01T14:00:00Z
TRX1849,91302,CREDIT,2024-06-01T14:15:00Z
TRX1850,15554,DEBIT,2024-06-01T14:30:00Z
TRX1851,34382,DEBIT,2024-06-01T14:45:00Z
TRX1852,80283,DEBIT,2024-06-01T15:00:00Z
TRX1853,93358,DEBIT,2024-06-01T15:15:00Z
TRX1854,80513,DEBIT,2024-06-01T15:30:00Z
TRX1855,31214,DEBIT,2024-06-01T15:45:00Z
TRX1856,23638,CREDIT,2024-06-01T16:00:00Z
TRX1857,87591,CREDIT,2024-06-01T16:15:00Z
TRX1858,98648,DEBIT,2024-06-01T16:30:00Z
TRX1859,38926,DEBIT,2024-06-01T16:45:00Z
TRX1860,66346,DEBIT,2024-06-01T17:00:00Z
TRX1861,36198,DEBIT,2024-06-01T17:15:00Z
TRX1862,9500,DEBIT,2024-06-01T17:30:00Z
TRX1863,47681,DEBIT,2024-06-01T17:45:00Z
TRX1864,58557,DEBIT,2024-06-01T18:00:00Z
TRX1865,80131,CREDIT,2024-06-01T18:15:00Z
TRX1866,54068,CREDIT,2024-06-01T18:30:00Z
TRX1867,74385,DEBIT,2024-06-01T18:45:00Z
TRX1868,76646,CREDIT,2024-06-01T19:00:00Z
TRX1869,52106,DEBIT,2024-06-01T19:15:00Z
TRX1870,70823,DEBIT,2024-06-01T19:30:00Z
TRX1871,58946,CREDIT,2024-06-01T19:45:00Z
TRX1872,25175,DEBIT,2024-06-01T20:00:00Z
TRX1873,50928,DEBIT,2024-06-01T20:15:00Z
TRX1874,87494,DEBIT,2024-06-01T20:30:00Z
TRX1875,18254,CREDIT,2024-06-01T20:45:00Z
TRX1876,29186,DEBIT,2024-06-01T21:00:00Z
TRX1877,61243,DEBIT,2024-06-01T21:15:00Z
TRX1878,17043,DEBIT,2024-06-01T21:30:00Z
TRX1879,29144,DEBIT,2024-06-01T21:45:00Z
TRX1880,80719,CREDIT,2024-06-01T22:00:00Z
TRX1881,86621,CREDIT,2024-06-01T22:15:00Z
TRX1882,1446,CREDIT,2024-06-01T22:30:00Z
TRX1883,18912,CREDIT,2024-06-01T22:45:00Z
TRX1884,44674,CREDIT,2024-06-01T23:00:00Z
TRX1885,22513,CREDIT,2024-06-01T23:15:00Z
TRX1886,44342,CREDIT,2024-06-01T23:30:00Z
TRX1887,81880,DEBIT,2024-06-01T23:45:00Z
TRX1888,34829,DEBIT,2024-06-02T00:00:00Z
TRX1889,43223,CREDIT,2024-06-02T00:15:00Z
TRX1890,32113,CREDIT,2024-06-02T00:30:00Z
TRX1891,51050,CREDIT,2024-06-02T00:45:00Z
TRX1892,12766,CREDIT,2024-06-02T01:00:00Z
TRX1893,19856,DEBIT,2024-06-02T01:15:00Z
TRX1894,17304,DEBIT,2024-06-02T01:30:00Z
TRX1895,17157,CREDIT,2024-06-02T01:45:00Z
TRX1896,99161,DEBIT,2024-06-02T02:00:00Z
TRX1897,16391,DEBIT,2024-06-02T02:15:00Z
TRX1898,48202,DEBIT,2024-06-02T02:30:00Z
TRX1899,14751,DEBIT,2024-06-02T02:45:00Z
TRX1900,82008,DEBIT,2024-06-02T03:00:00Z
TRX1901,73768,CREDIT,2024-06-02T03:15:00Z
TRX1902,6861,DEBIT,2024-06-02T03:30:00Z
TRX1903,47684,CREDIT,2024-06-02T03:45:00Z
TRX1904,49502,DEBIT,2024-06-02T04:00:00Z
TRX1905,6953,CREDIT,2024-06-02T04:15:00Z
TRX1906,47839,DEBIT,2024-06-02T04:30:00Z
TRX1907,48189,DEBIT,2024-06-02T04:45:00Z
TRX1908,5081,DEBIT,2024-06-02T05:00:00Z
TRX1909,87063,DEBIT,2024-06-02T05:15:00Z
TRX1910,90820,DEBIT,2024-06-02T05:30:00Z
TRX1911,28215,DEBIT,2024-06-02T05:45:00Z
TRX1912,81365,CREDIT,2024-06-02T06:00:00Z
TRX1913,21885,CREDIT,2024-06-02T06:15:00Z
TRX1914,12624,DEBIT,2024-06-02T06:30:00Z
TRX1915,97843,CREDIT,2024-06-02T06:45:00Z
TRX1916,70080,DEBIT,2024-06-02T07:00:00Z
TRX1917,7387,DEBIT,2024-06-02T07:15:00Z
TRX1918,88182,CREDIT,2024-06-02T07:30:00Z
TRX1919,26143,DEBIT,2024-06-02T07:45:00Z
TRX1920,96691,CREDIT,2024-06-01T08:00:00Z
TRX1921,35358,CREDIT,2024-06-01T08:15:00Z
TRX1922,84774,CREDIT,2024-06-01T08:30:00Z
TRX1923,52190,DEBIT,2024-06-01T08:45:00Z
TRX1924,50421,DEBIT,2024-06-01T09:00:00Z
TRX1925,44103,CREDIT,2024-06-01T09:15:00Z
TRX1926,16870,CREDIT,2024-06-01T09:30:00Z
TRX1927,57336,CREDIT,2024-06-01T09:45:00Z
TRX1928,88766,CREDIT,2024-06-01T10:00:00Z
TRX1929,40089,CREDIT,2024-06-01T10:15:00Z
TRX1930,57658,CREDIT,2024-06-01T10:30:00Z
TRX1931,48519,DEBIT,2024-06-01T10:45:00Z
TRX1932,65935,DEBIT,2024-06-01T11:00:00Z
TRX1933,7795,CREDIT,2024-06-01T11:15:00Z
TRX1934,82549,DEBIT,2024-06-01T11:30:00Z
TRX1935,50411,CREDIT,2024-06-01T11:45:00Z
TRX1936,11683,DEBIT,2024-06-01T12:00:00Z
TRX1937,5908,CREDIT,2024-06-01T12:15:00Z
TRX1938,11822,DEBIT,2024-06-01T12:30:00Z
TRX1939,22582,DEBIT,2024-06-01T12:45:00Z
TRX1940,86186,CREDIT,2024-06-01T13:00:00Z
TRX1941,4759,DEBIT,2024-06-01T13:15:00Z
TRX1942,6489,CREDIT,2024-06-01T13:30:00Z
TRX1943,45554,DEBIT,2024-06-01T13:45:00Z
TRX1944,48586,CREDIT,2024-06-01T14:00:00Z
TRX1945,80421,CREDIT,2024-06-01T14:15:00Z
TRX1946,53848,DEBIT,2024-06-01T14:30:00Z
TRX1947,81601,CREDIT,2024-06-01T14:45:00Z
TRX1948,66385,DEBIT,2024-06-01T15:00:00Z
TRX1949,60644,DEBIT,2024-06-01T15:15:00Z
TRX1950,46692,DEBIT,2024-06-01T15:30:00Z
TRX1951,23531,CREDIT,2024-06-01T15:45:00Z
TRX1952,32169,DEBIT,2024-06-01T16:00:00Z
TRX1953,73929,CREDIT,2024-06-01T16:15:00Z
TRX1954,46324,DEBIT,2024-06-01T16:30:00Z
TRX1955,50384,DEBIT,2024-06-01T16:45:00Z
TRX1956,2363,CREDIT,2024-06-01T17:00:00Z
TRX1957,47312,DEBIT,2024-06-01T17:15:00Z
TRX1958,97462,DEBIT,2024-06-01T17:30:00Z
TRX1959,61847,CREDIT,2024-06-01T17:45:00Z
TRX1960,56533,CREDIT,2024-06-01T18:00:00Z
TRX1961,92094,CREDIT,2024-06-01T18:15:00Z
TRX1962,91223,DEBIT,2024-06-01T18:30:00Z
TRX1963,25108,CREDIT,2024-06-01T18:45:00Z
TRX1964,81854,DEBIT,2024-06-01T19:00:00Z
TRX1965,15480,DEBIT,2024-06-01T19:15:00Z
TRX1966,75889,DEBIT,2024-06-01T19:30:00Z
TRX1967,40956,CREDIT,2024-06-01T19:45:00Z
TRX1968,56911,DEBIT,2024-06-01T20:00:00Z
TRX1969,55082,CREDIT,2024-06-01T20:15:00Z
TRX1970,50445,CREDIT,2024-06-01T20:30:00Z
TRX1971,84965,DEBIT,2024-06-01T20:45:00Z
TRX1972,26524,CREDIT,2024-06-01T21:00:00Z
TRX1973,69511,CREDIT,2024-06-01T21:15:00Z
TRX1974,18404,CREDIT,2024-06-01T21:30:00Z
TRX1975,85829,CREDIT,2024-06-01T21:45:00Z
TRX1976,59397,DEBIT,2024-06-01T22:00:00Z
TRX1977,18864,CREDIT,2024-06-01T22:15:00Z
TRX1978,95406,DEBIT,2024-06-01T22:30:00Z
TRX1979,92600,DEBIT,2024-06-01T22:45:00Z
TRX1980,57901,DEBIT,2024-06-01T23:00:00Z
TRX1981,67053,CREDIT,2024-06-01T23:15:00Z
TRX1982,51034,CREDIT,2024-06-01T23:30:00Z
TRX1983,78324,DEBIT,2024-06-01T23:45:00Z
TRX1984,49749,DEBIT,2024-06-02T00:00:00Z
TRX1985,42047,DEBIT,2024-06-02T00:15:00Z
TRX1986,89806,DEBIT,2024-06-02T00:30:00Z
TRX1987,94640,DEBIT,2024-06-02T00:45:00Z
TRX1988,43252,DEBIT,2024-06-02T01:00:00Z
TRX1989,25697,DEBIT,2024-06-02T01:15:00Z
TRX1990,44160,DEBIT,2024-06-02T01:30:00Z
TRX1991,14691,DEBIT,2024-06-02T01:45:00Z
TRX1992,69879,CREDIT,2024-06-02T02:00:00Z
TRX1993,47660,DEBIT,2024-06-02T02:15:00Z
TRX1994,51580,CREDIT,2024-06-02T02:30:00Z
TRX1995,19200,CREDIT,2024-06-02T02:45:00Z
TRX1996,48758,CREDIT,2024-06-02T03:00:00Z
TRX1997,29389,CREDIT,2024-06-02T03:15:00Z
TRX1998,34732,DEBIT,2024-06-02T03:30:00Z
TRX1999,10766,DEBIT,2024-06-02T03:45:00Z
TRX2000,68757,DEBIT,2024-06-02T04:00:00Z
TRX2001,97397,DEBIT,2024-06-02T04:15:00Z
TRX2002,75414,DEBIT,2024-06-02T04:30:00Z
TRX2003,77264,CREDIT,2024-06-02T04:45:00Z
TRX2004,63567,CREDIT,2024-06-02T05:00:00Z
TRX2005,45873,CREDIT,2024-06-02T05:15:00Z
TRX2006,27710,CREDIT,2024-06-02T05:30:00Z
TRX2007,55903,DEBIT,2024-06-02T05:45:00Z
TRX2008,44411,DEBIT,2024-06-02T06:00:00Z
TRX2009,14934,DEBIT,2024-06-02T06:15:00Z
TRX2010,18435,CREDIT,2024-06-02T06:30:00Z
TRX2011,8556,CREDIT,2024-06-02T06:45:00Z
TRX2012,81175,DEBIT,2024-06-02T07:00:00Z
TRX2013,3568,DEBIT,2024-06-02T07:15:00Z
TRX2014,17535,CREDIT,2024-06-02T07:30:00Z
TRX2015,7341,DEBIT,2024-06-02T07:45:00Z
TRX2016,42985,CREDIT,2024-06-01T08:00:00Z
TRX2017,92272,CREDIT,2024-06-01T08:15:00Z
TRX2018,48179,DEBIT,2024-06-01T08:30:00Z
TRX2019,54813,CREDIT,2024-06-01T08:45:00Z
TRX2020,71317,DEBIT,2024-06-01T09:00:00Z
TRX2021,54949,DEBIT,2024-06-01T09:15:00Z
TRX2022,16521,CREDIT,2024-06-01T09:30:00Z
TRX2023,79824,DEBIT,2024-06-01T09:45:00Z
TRX2024,43399,CREDIT,2024-06-01T10:00:00Z
TRX2025,26465,CREDIT,2024-06-01T10:15:00Z
TRX2026,63669,CREDIT,2024-06-01T10:30:00Z
TRX2027,71441,DEBIT,2024-06-01T10:45:00Z
TRX2028,95972,DEBIT,2024-06-01T11:00:00Z
TRX2029,24157,CREDIT,2024-06-01T11:15:00Z
TRX2030,87161,CREDIT,2024-06-01T11:30:00Z
TRX2031,20905,CREDIT,2024-06-01T11:45:00Z
TRX2032,94066,DEBIT,2024-06-01T12:00:00Z
TRX2033,28348,DEBIT,2024-06-01T12:15:00Z
TRX2034,42772,DEBIT,2024-06-01T12:30:00Z
TRX2035,19340,DEBIT,2024-06-01T12:45:00Z
TRX2036,6505,DEBIT,2024-06-01T13:00:00Z
TRX2037,79974,DEBIT,2024-06-01T13:15:00Z
TRX2038,34150,DEBIT,2024-06-01T13:30:00Z
TRX2039,75826,DEBIT,2024-06-01T13:45:00Z
TRX2040,17551,CREDIT,2024-06-01T14:00:00Z
TRX2041,80638,CREDIT,2024-06-01T14:15:00Z
TRX2042,13149,CREDIT,2024-06-01T14:30:00Z
TRX2043,40241,DEBIT,2024-06-01T14:45:00Z
TRX2044,90898,DEBIT,2024-06-01T15:00:00Z
TRX2045,87889,DEBIT,2024-06-01T15:15:00Z
TRX2046,8044,DEBIT,2024-06-01T15:30:00Z
TRX2047,33653,DEBIT,2024-06-01T15:45:00Z
TRX2048,25683,DEBIT,2024-06-01T16:00:00Z
TRX2049,48368,CREDIT,2024-06-01T16:15:00Z
TRX2050,61917,CREDIT,2024-06-01T16:30:00Z
TRX2051,8254,CREDIT,2024-06-01T16:45:00Z
TRX2052,66165,DEBIT,2024-06-01T17:00:00Z
TRX2053,86251,DEBIT,2024-06-01T17:15:00Z
TRX2054,11609,CREDIT,2024-06-01T17:30:00Z
TRX2055,22078,CREDIT,2024-06-01T17:45:00Z
TRX2056,51229,DEBIT,2024-06-01T18:00:00Z
TRX2057,49776,CREDIT,2024-06-01T18:15:00Z
TRX2058,51356,DEBIT,2024-06-01T18:30:00Z
TRX2059,44816,DEBIT,2024-06-01T18:45:00Z
TRX2060,93725,DEBIT,2024-06-01T19:00:00Z
TRX2061,10616,CREDIT,2024-06-01T19:15:00Z
TRX2062,64463,CREDIT,2024-06-01T19:30:00Z
TRX2063,66728,DEBIT,2024-06-01T19:45:00Z
TRX2064,32736,DEBIT,2024-06-01T20:00:00Z
TRX2065,45310,CREDIT,2024-06-01T20:15:00Z
TRX2066,75374,DEBIT,2024-06-01T20:30:00Z
TRX2067,39789,DEBIT,2024-06-01T20:45:00Z
TRX2068,17002,CREDIT,2024-06-01T21:00:00Z
TRX2069,75947,CREDIT,2024-06-01T21:15:00Z
TRX2070,55618,DEBIT,2024-06-01T21:30:00Z
TRX2071,42794,DEBIT,2024-06-01T21:45:00Z
TRX2072,89236,CREDIT,2024-06-01T22:00:00Z
TRX2073,92308,CREDIT,2024-06-01T22:15:00Z
TRX2074,4558,CREDIT,2024-06-01T22:30:00Z
TRX2075,61942,DEBIT,2024-06-01T22:45:00Z
TRX2076,53613,CREDIT,2024-06-01T23:00:00Z
TRX2077,23262,CREDIT,2024-06-01T23:15:00Z
TRX2078,35786,DEBIT,2024-06-01T23:30:00Z
TRX2079,81333,DEBIT,2024-06-01T23:45:00Z
TRX2080,73834,CREDIT,2024-06-02T00:00:00Z
TRX2081,17999,DEBIT,2024-06-02T00:15:00Z
TRX2082,49463,CREDIT,2024-06-02T00:30:00Z
TRX2083,73732,CREDIT,2024-06-02T00:45:00Z
TRX2084,77202,CREDIT,2024-06-02T01:00:00Z
TRX2085,97655,CREDIT,2024-06-02T01:15:00Z
TRX2086,90617,CREDIT,2024-06-02T01:30:00Z
TRX2087,6744,CREDIT,2024-06-02T01:45:00Z
TRX2088,62866,CREDIT,2024-06-02T02:00:00Z
TRX2089,53681,DEBIT,2024-06-02T02:15:00Z
TRX2090,47591,DEBIT,2024-06-02T02:30:00Z
TRX2091,73962,CREDIT,2024-06-02T02:45:00Z
TRX2092,38435,CREDIT,2024-06-02T03:00:00Z
TRX2093,90689,CREDIT,2024-06-02T03:15:00Z
TRX2094,17267,CREDIT,2024-06-02T03:30:00Z
TRX2095,94502,DEBIT,2024-06-02T03:45:00Z
TRX2096,97103,DEBIT,2024-06-02T04:00:00Z
TRX2097,18330,CREDIT,2024-06-02T04:15:00Z
TRX2098,38286,CREDIT,2024-06-02T04:30:00Z
TRX2099,37719,DEBIT,2024-06-02T04:45:00Z
TRX2100,84555,CREDIT,2024-06-02T05:00:00Z
TRX2101,72930,DEBIT,2024-06-02T05:15:00Z
TRX2102,28063,DEBIT,2024-06-02T05:30:00Z
TRX2103,49005,DEBIT,2024-06-02T05:45:00Z
TRX2104,58674,CREDIT,2024-06-02T06:00:00Z
TRX2105,4405,DEBIT,2024-06-02T06:15:00Z
TRX2106,66751,CREDIT,2024-06-02T06:30:00Z
TRX2107,89242,CREDIT,2024-06-02T06:45:00Z
TRX2108,15374,CREDIT,2024-06-02T07:00:00Z
TRX2109,77353,DEBIT,2024-06-02T07:15:00Z
TRX2110,96766,DEBIT,2024-06-02T07:30:00Z
TRX2111,75612,CREDIT,2024-06-02T07:45:00Z
TRX2112,75608,DEBIT,2024-06-01T08:00:00Z
TRX2113,31906,DEBIT,2024-06-01T08:15:00Z
TRX2114,51589,CREDIT,2024-06-01T08:30:00Z
TRX2115,88420,DEBIT,2024-06-01T08:45:00Z
TRX2116,47155,CREDIT,2024-06-01T09:00:00Z
TRX2117,59669,DEBIT,2024-06-01T09:15:00Z
TRX2118,69162,CREDIT,2024-06-01T09:30:00Z
TRX2119,68723,CREDIT,2024-06-01T09:45:00Z
TRX2120,55490,DEBIT,2024-06-01T10:00:00Z
TRX2121,6938,CREDIT,2024-06-01T10:15:00Z
TRX2122,22442,CREDIT,2024-06-01T10:30:00Z
TRX2123,52567,CREDIT,2024-06-01T10:45:00Z
TRX2124,26547,CREDIT,2024-06-01T11:00:00Z
TRX2125,93221,CREDIT,2024-06-01T11:15:00Z
TRX2126,14555,CREDIT,2024-06-01T11:30:00Z
TRX2127,42931,CREDIT,2024-06-01T11:45:00Z
TRX2128,29851,CREDIT,2024-06-01T12:00:00Z
TRX2129,6747,DEBIT,2024-06-01T12:15:00Z
TRX2130,63434,CREDIT,2024-06-01T12:30:00Z
TRX2131,18176,DEBIT,2024-06-01T12:45:00Z
TRX2132,1064,CREDIT,2024-06-01T13:00:00Z
TRX2133,69443,CREDIT,2024-06-01T13:15:00Z
TRX2134,43282,CREDIT,2024-06-01T13:30:00Z
TRX2135,66925,CREDIT,2024-06-01T13:45:00Z
TRX2136,47618,CREDIT,2024-06-01T14:00:00Z
TRX2137,53372,CREDIT,2024-06-01T14:15:00Z
TRX2138,79068,CREDIT,2024-06-01T14:30:00Z
TRX2139,8872,DEBIT,2024-06-01T14:45:00Z
TRX2140,44285,DEBIT,2024-06-01T15:00:00Z
TRX2141,16508,DEBIT,2024-06-01T15:15:00Z
TRX2142,25259,CREDIT,2024-06-01T15:30:00Z
TRX2143,90047,DEBIT,2024-06-01T15:45:00Z
TRX2144,58583,CREDIT,2024-06-01T16:00:00Z
TRX2145,84020,DEBIT,2024-06-01T16:15:00Z
TRX2146,45757,DEBIT,2024-06-01T16:30:00Z
TRX2147,21717,CREDIT,2024-06-01T16:45:00Z
TRX2148,90346,DEBIT,2024-06-01T17:00:00Z
TRX2149,86208,DEBIT,2024-06-01T17:15:00Z
TRX2150,77896,DEBIT,2024-06-01T17:30:00Z
TRX2151,63944,CREDIT,2024-06-01T17:45:00Z
TRX2152,63944,CREDIT,2024-06-01T18:00:00Z
TRX2153,17864,CREDIT,2024-06-01T18:15:00Z
TRX2154,1138,CREDIT,2024-06-01T18:30:00Z
TRX2155,28722,CREDIT,2024-06-01T18:45:00Z
TRX2156,58610,CREDIT,2024-06-01T19:00:00Z
TRX2157,77051,CREDIT,2024-06-01T19:15:00Z
TRX2158,81476,DEBIT,2024-06-01T19:30:00Z
TRX2159,37922,CREDIT,2024-06-01T19:45:00Z
TRX2160,61741,CREDIT,2024-06-01T20:00:00Z
TRX2161,10621,DEBIT,2024-06-01T20:15:00Z
TRX2162,93070,DEBIT,2024-06-01T20:30:00Z
TRX2163,69649,DEBIT,2024-06-01T20:45:00Z
TRX2164,7334,CREDIT,2024-06-01T21:00:00Z
TRX2165,15663,DEBIT,2024-06-01T21:15:00Z
TRX2166,10449,CREDIT,2024-06-01T21:30:00Z
TRX2167,58179,CREDIT,2024-06-01T21:45:00Z
TRX2168,32465,CREDIT,2024-06-01T22:00:00Z
TRX2169,35415,CREDIT,2024-06-01T22:15:00Z
TRX2170,78554,CREDIT,2024-06-01T22:30:00Z
TRX2171,10900,CREDIT,2024-06-01T22:45:00Z
TRX2172,96001,CREDIT,2024-06-01T23:00:00Z
TRX2173,24270,DEBIT,2024-06-01T23:15:00Z
TRX2174,1195,CREDIT,2024-06-01T23:30:00Z
TRX2175,2428,CREDIT,2024-06-01T23:45:00Z
TRX2176,89396,DEBIT,2024-06-02T00:00:00Z
TRX2177,21676,DEBIT,2024-06-02T00:15:00Z
TRX2178,89036,DEBIT,2024-06-02T00:30:00Z
TRX2179,15134,CREDIT,2024-06-02T00:45:00Z
TRX2180,77459,DEBIT,2024-06-02T01:00:00Z
TRX2181,27904,DEBIT,2024-06-02T01:15:00Z
TRX2182,59308,CREDIT,2024-06-02T01:30:00Z
TRX2183,95543,DEBIT,2024-06-02T01:45:00Z
TRX2184,48752,DEBIT,2024-06-02T02:00:00Z
TRX2185,56833,DEBIT,2024-06-02T02:15:00Z
TRX2186,48172,CREDIT,2024-06-02T02:30:00Z
TRX2187,16347,CREDIT,2024-06-02T02:45:00Z
TRX2188,27155,DEBIT,2024-06-02T03:00:00Z
TRX2189,77622,DEBIT,2024-06-02T03:15:00Z
TRX2190,74195,DEBIT,2024-06-02T03:30:00Z
TRX2191,90504,DEBIT,2024-06-02T03:45:00Z
TRX2192,15220,DEBIT,2024-06-02T04:00:00Z
TRX2193,60010,CREDIT,2024-06-02T04:15:00Z
TRX2194,86081,CREDIT,2024-06-02T04:30:00Z
TRX2195,86698,CREDIT,2024-06-02T04:45:00Z
TRX2196,87605,DEBIT,2024-06-02T05:00:00Z
TRX2197,71655,DEBIT,2024-06-02T05:15:00Z
TRX2198,61155,DEBIT,2024-06-02T05:30:00Z
TRX2199,51012,CREDIT,2024-06-02T05:45:00Z
TRX2200,23946,DEBIT,2024-06-02T06:00:00Z
